path,size_bytes,sha256
.env.example,57,518a085d6d95f5588bcf99bdc34ca450ca21733c140f909d144e273c2e5d0444
.gitattributes,193,6e9a06917bc030ce0c5e80c37047702d298eb09efc1e3a0609119a2810180050
.gitignore,784,2914c370961036d26e945ce7a9da0fc3008f5b562819426e0aa7eaa1382b3856
api.py,26,4af51dd774ae19f2ee994a09f1686384158b8dd20a1f49e1a2678137cb333a38
app/__init__.py,60,cc4956cfcc2feb84f736c795258a99436b40d3c0d23f9d14e8ac179b103d10e0
app/admin_routes.py,1941,92c5709eddf77da2b3ac80512ef65b782c8477721aee878f40363309f15b38da
app/auth.py,1154,35c56efe8cc084eda6b298396356227dc1ef260824c7828d6059ab417734e8a6
app/csv_feeds.py,3178,dfbdfc7753689ba470c59db7473de06cfeb593373d5fb80552c39d5f0626d3c9
app/db.py,103,0bd6a57e0e40b3f476902ec78bd45750df576c2dd7123a3392e40bfcac46da00
app/main.py,390,691490e5890b3f47c9aa325fa4853d058c68c47c7de52867698e71b6c5109a08
data/control_tower/month_01/bill_item_detail/OUT001_bill_item_detail.csv,403040,5090df3b3a8777596a3b210c994c40aa5059cc5843a59f185a331dc636fd9f43
data/control_tower/month_01/bill_item_detail/OUT002_bill_item_detail.csv,410753,cbe39e3399abb7bb35eca7d83c51f87ef40ec72b358cb5a58a5f13cc0c53bea6
data/control_tower/month_01/bill_item_detail/OUT003_bill_item_detail.csv,452295,244b905a9f103940637a579d48cbee1ce20738b1c076f87931e40b002a6928d5
data/control_tower/month_01/bulk_return/OUT001_bulk_return.csv,420,33c6d471bb7ce551a05cd9967a8e8053af5b2f69b02395a47096d387c19034db
data/control_tower/month_01/bulk_return/OUT002_bulk_return.csv,542,7471c1a294fdbc4536ba3c98ab3b66e787f98eeb69c6b12bc55eb046c9f62da2
data/control_tower/month_01/bulk_return/OUT003_bulk_return.csv,287,90f26a58a67c0b237294a480a83209394a3b302b2fe85c6cecd624bdb807c7b1
data/control_tower/month_01/closing_stock/OUT001_closing_stock.csv,6630,273e56ed295d42fda109ba2cfd25075ebdecd7df635b6aa8ef5e695b79370428
data/control_tower/month_01/closing_stock/OUT002_closing_stock.csv,6349,37ba658dba57420a24ea790ab4af29f93d74ff540bcf08ff94ea76c836cee140
data/control_tower/month_01/closing_stock/OUT003_closing_stock.csv,6537,4b1b5785c9e7a6624dd46facbe327f03649544f5198abe219246f47cd5a6027b
data/control_tower/month_01/enterprise_consumption_detail/OUT001_enterprise_consumption_detail.csv,12700,3312abf0889bcdec891e5b8903a63b0037c702de375aafcfe59eef081d079e1b
data/control_tower/month_01/enterprise_consumption_detail/OUT002_enterprise_consumption_detail.csv,12395,5d11fde5c9ce36a686bc12971c9e773d81f477d2003ab53ee6b72b57f11d834a
data/control_tower/month_01/enterprise_consumption_detail/OUT003_enterprise_consumption_detail.csv,12592,46b7b1ac59400cacdb0a959d4f16f5ff065f8e601fca1a870d4510cea79c4b43
data/control_tower/month_01/enterprise_entry/OUT001_enterprise_entry.csv,16545,b472600b6fafdcb4d91c0c8b22bd4d14c71981bcadd9cde495ad6a0925dec8d8
data/control_tower/month_01/enterprise_entry/OUT002_enterprise_entry.csv,14881,42af2dea954f2d8cb953cc17a5a05ba8d82dec6c642405fec9d5ed8d492a6830
data/control_tower/month_01/enterprise_entry/OUT003_enterprise_entry.csv,16034,cddd2ec36fffef48c9e34ecc706a08d66e5766145a5e2c213de519db033aa0ac
data/control_tower/month_01/enterprise_opening/OUT001_enterprise_opening.csv,6328,c0cbe9e3ee16cebfc92ea709bcfbb0ba8655d23d8fac7d88061a6e20e3e5d78a
data/control_tower/month_01/enterprise_opening/OUT002_enterprise_opening.csv,6069,dee74e8b64685442988c1fb43289d5e1b74e60ab6e81d8f52ebee665bef030e6
data/control_tower/month_01/enterprise_opening/OUT003_enterprise_opening.csv,6242,c2aefe45f93ecec79d152c2f0c22fc577c70934768fe9ba53149fb80fa6e02a9
data/control_tower/month_01/enterprise_physical/OUT001_enterprise_physical.csv,8119,b7f4fda10462390ca985d579a9a3d691685d2445606927aed0a9727e4e7456a0
data/control_tower/month_01/enterprise_physical/OUT002_enterprise_physical.csv,7846,bfe30038f43cfc162e9347fa9dd5c6b26fd7d216af9ab11b683204821ba25717
data/control_tower/month_01/enterprise_physical/OUT003_enterprise_physical.csv,8031,d349ba5e6d0cf764e3cd164ab522f0ef847ca4c26c5b25ef6c4311877975bace
data/control_tower/month_01/enterprise_purchase_order/OUT001_enterprise_purchase_order.csv,18345,2eeebac58fa9c40b94c12a4b7661371bdb11c3df1016764cdc9b07fd1d0ae37b
data/control_tower/month_01/enterprise_purchase_order/OUT002_enterprise_purchase_order.csv,16483,8d65ef686ebe6270e814855a2d7ad6ce59bc0095b08771f33b60ca65777fb8eb
data/control_tower/month_01/enterprise_purchase_order/OUT003_enterprise_purchase_order.csv,17231,07e1babe60d9cc6e6338693c17fb0721bea784e611497e7968e65a4b1f8aa104
data/control_tower/month_01/enterprise_reorder/OUT001_enterprise_reorder.csv,110,a3f14056449f9f17d81c2f0de67954983e524eeda2ca20a39ef176b5473d0d6a
data/control_tower/month_01/enterprise_reorder/OUT002_enterprise_reorder.csv,110,a3f14056449f9f17d81c2f0de67954983e524eeda2ca20a39ef176b5473d0d6a
data/control_tower/month_01/enterprise_reorder/OUT003_enterprise_reorder.csv,110,a3f14056449f9f17d81c2f0de67954983e524eeda2ca20a39ef176b5473d0d6a
data/control_tower/month_01/enterprise_stock_return/OUT001_enterprise_stock_return.csv,445,dfcc298fa5735bc1336bf843ea899a29fc49233ff366f6224fa89b76d69d140d
data/control_tower/month_01/enterprise_stock_return/OUT002_enterprise_stock_return.csv,445,dfcc298fa5735bc1336bf843ea899a29fc49233ff366f6224fa89b76d69d140d
data/control_tower/month_01/enterprise_stock_return/OUT003_enterprise_stock_return.csv,445,dfcc298fa5735bc1336bf843ea899a29fc49233ff366f6224fa89b76d69d140d
data/control_tower/month_01/enterprise_transfer_from/OUT001_enterprise_transfer_from.csv,843,37050de3cbd414bddd914adb276ce1bac3b3c42b2b9afc78c1deb3b8618a98b4
data/control_tower/month_01/enterprise_transfer_from/OUT002_enterprise_transfer_from.csv,450,83a21c1e71d3c2ac3732727d0a45325d7be6cf07b63ca028200b02d559b13b6c
data/control_tower/month_01/enterprise_transfer_from/OUT003_enterprise_transfer_from.csv,648,5021ddc7c99ea1fbc77284a2602edea62dfeb7f31823e05f098da016263e02bb
data/control_tower/month_01/enterprise_transfer_to/OUT001_enterprise_transfer_to.csv,620,efc8b88492b43c2a825448b8b43cef00c51b6e745dde4aa0c8210b1cf97b05a0
data/control_tower/month_01/enterprise_transfer_to/OUT002_enterprise_transfer_to.csv,808,90038749f4835bb6b04ef9171e4c9a025d79e2f91d334d69f9744e75ca1b7cd6
data/control_tower/month_01/enterprise_transfer_to/OUT003_enterprise_transfer_to.csv,417,8f19a7629714aa425b4cbcaf5529343c5aae33f8fc2418e45bef198ad5e7332c
data/control_tower/month_01/enterprise_variance_master/OUT001_enterprise_variance_master.csv,10701,45524ce9d1c9c9d7d36843a8e04ba593088767708a6b8630866f53aff7369f8f
data/control_tower/month_01/enterprise_variance_master/OUT002_enterprise_variance_master.csv,10430,0da02f3a4802b3768cce208d8aa2cd7076844cf02f20abbc5a0ff0e55bb24c88
data/control_tower/month_01/enterprise_variance_master/OUT003_enterprise_variance_master.csv,10623,b2865d9b5f2e38416e332151ba36255aca1b1f5c23d3448f8c1d8d786c68754b
data/control_tower/month_01/enterprise_variance_normal/OUT001_enterprise_variance_normal.csv,14499,169ee8cc9d38e0ff9ede1d5e3adf44d922747994f6c5642955a307abee332e22
data/control_tower/month_01/enterprise_variance_normal/OUT002_enterprise_variance_normal.csv,14199,80f8caa08786bff44304247ca4b908373c7174f87c685b80cc767334089c881d
data/control_tower/month_01/enterprise_variance_normal/OUT003_enterprise_variance_normal.csv,14414,87009250e5715549758988585fbbec5bdbcfe177ccb83045752ee2fcdd0461b0
data/control_tower/month_01/enterprise_wastage_normal/OUT001_enterprise_wastage_normal.csv,2080,91add8a6d8ce44347e3e5c1dca1dacfd963d201903d0c05c656fd87f7f5a8aa9
data/control_tower/month_01/enterprise_wastage_normal/OUT002_enterprise_wastage_normal.csv,2009,886322335ba99fbb10dfb8403d7ca2e973779a4c68ac299925b0c240f148c333
data/control_tower/month_01/enterprise_wastage_normal/OUT003_enterprise_wastage_normal.csv,2061,49fc1a23e50fe05a4e010e6c4749664ad843ebe92891d1a51ec9a344d5988d82
data/control_tower/month_01/gross_net_margin/OUT001_gross_net_margin.csv,371802,da0c283e11ccbbea1d4b5aa3ed8ad3b3e6e5ed7b16e32eb171c819ba32706c55
data/control_tower/month_01/gross_net_margin/OUT002_gross_net_margin.csv,373109,220540a660676e8de033a3390ae70ddd1dee6bf177fecd0350f6c3320c063df1
data/control_tower/month_01/gross_net_margin/OUT003_gross_net_margin.csv,413956,55ef10e0b7b38d729dd967e1d46acb06516ada9ba54d4842ab2da0620d0a5497
data/control_tower/month_01/purchase_detail/OUT001_purchase_detail.csv,17987,6bc26bf80490d948a1411f1da430e4376609351d5570b194bd335f6eb77bb8d8
data/control_tower/month_01/purchase_detail/OUT002_purchase_detail.csv,16249,ef2fd85698da2a8008f247d211794f263f8bcb602916bfb8698dea62a621e1db
data/control_tower/month_01/purchase_detail/OUT003_purchase_detail.csv,17513,140080c0d426fd2e9285ecafb9d7cf3acb866dc3706355a85399df69e802ef4e
data/control_tower/month_01/recipe_consumption/OUT001_recipe_consumption.csv,59755,9d12097fb3caed95efbf23dd36fcbbe1ff113d5c11934c2e907c268ff19efc9c
data/control_tower/month_01/recipe_consumption/OUT002_recipe_consumption.csv,59775,e085cacc9064f840cafb6271096dd8d83080b81b1f5f9663c6a990a1df96bfec
data/control_tower/month_01/recipe_consumption/OUT003_recipe_consumption.csv,59832,cc6528da03cc59f3e41933333f5fcacfe92fd8aa4dc1fd1ffb226f5a40198c22
data/control_tower/month_01/stock_in_stock_out/OUT001_stock_in_stock_out.csv,971,4b26b2c12559c2c70eeac40a92391da78a74e3db57230c91c7b9cf8208ca2ad1
data/control_tower/month_01/stock_in_stock_out/OUT002_stock_in_stock_out.csv,776,c8b751f323bf7e3909bd9053a82e2763d046c36a9158619fcdcd669c5c91ca0b
data/control_tower/month_01/stock_in_stock_out/OUT003_stock_in_stock_out.csv,642,0c7847951db6ded9232b30a6a989da97480cc6d2bf18c52f592d0b1a8f98f8dc
data/control_tower/month_02/bill_item_detail/OUT001_bill_item_detail.csv,388428,5d5e2a79165520a6664d8f8549da062a1c6fa39e894d72e0676964a0017efad0
data/control_tower/month_02/bill_item_detail/OUT002_bill_item_detail.csv,383926,4133afc357d9019cdaae1ab43bf4fa0f062fd30eb7510f59a7881976bbaefaf3
data/control_tower/month_02/bill_item_detail/OUT003_bill_item_detail.csv,416772,2a941218f7e86cc39f390b0d29bf820eb2f15d6eb746c9d9dfa87d896992af7d
data/control_tower/month_02/bulk_return/OUT001_bulk_return.csv,293,a45b946e929e686437dc3d9f23fd06684ba8663e8262324137448a01e4b3dfe3
data/control_tower/month_02/bulk_return/OUT002_bulk_return.csv,550,f417e4cf2f2cdb9b97c46bf656d2675703b111e359f8c8a0f1ac99f14e984bb5
data/control_tower/month_02/bulk_return/OUT003_bulk_return.csv,412,9c5d05a200917e03a34e6ec5bdf43b6bd05008c1782c66db689944480c2290d1
data/control_tower/month_02/closing_stock/OUT001_closing_stock.csv,6672,b2cda5f1f59152b578ed2edd023161a17ec4191c759c17703f7ad49a9ed7f2f6
data/control_tower/month_02/closing_stock/OUT002_closing_stock.csv,6429,44f367659337a534083761dce1093f00a4d8e57d4d6db0ff4e2d6cda32c6ec1c
data/control_tower/month_02/closing_stock/OUT003_closing_stock.csv,6603,c56a367f394d9d3bfa0452e50121676b8c16f4632fe4be9dc0b8d7a1bcb9e445
data/control_tower/month_02/enterprise_consumption_detail/OUT001_enterprise_consumption_detail.csv,12940,a782554def91c698bbe4d5956ab56f4ed05aae315b5c8a9f82b9ffc12000cb7c
data/control_tower/month_02/enterprise_consumption_detail/OUT002_enterprise_consumption_detail.csv,12759,a72fca6ca0e9d998f770440626d347c6531e8fc1d9bf3da2e1a1428cf2e403a7
data/control_tower/month_02/enterprise_consumption_detail/OUT003_enterprise_consumption_detail.csv,12907,23c99917e0f7023d17df3e89ee060630583c6d2de601b063c3536079ab888d8b
data/control_tower/month_02/enterprise_entry/OUT001_enterprise_entry.csv,17003,4cf11cf01cff39b7581de0899af16f7d1441a70fe7aab710752d1da893fc5578
data/control_tower/month_02/enterprise_entry/OUT002_enterprise_entry.csv,17025,0f3a165aa9e1b9bfe0061bb53a7f39e1fc63990860b478dd9a27d4e57f060783
data/control_tower/month_02/enterprise_entry/OUT003_enterprise_entry.csv,16386,e16fe1e427163ba78f3d8dc59e7746545bf6383c12e33dbb4d99f6f41aaa1a6d
data/control_tower/month_02/enterprise_opening/OUT001_enterprise_opening.csv,6431,896619a9aef463a638de3f5eb9f65da6587704c1358bc942b89aae7aeed167a0
data/control_tower/month_02/enterprise_opening/OUT002_enterprise_opening.csv,6164,b4ab53b8afde94e164be48473ebb9e1262b47bf77fae1d124860d297443e9b5e
data/control_tower/month_02/enterprise_opening/OUT003_enterprise_opening.csv,6343,1b73f5bf4b7726c17a23ee51192ccc49f8efc5745c58599377ba80262eecf455
data/control_tower/month_02/enterprise_physical/OUT001_enterprise_physical.csv,8139,bfed0d27454e7ce6f6ad79465ab2676ae0387154e8d533e9f97266b2e5b0d1d8
data/control_tower/month_02/enterprise_physical/OUT002_enterprise_physical.csv,7898,f8f7a41bd64489b5e6590606477f78fbfb38c6cd1e93757b156b98065db82f20
data/control_tower/month_02/enterprise_physical/OUT003_enterprise_physical.csv,8068,b52a997386ab142f31241895f6b5b0d5313975d00214fe83fc55d0672b9e5e97
data/control_tower/month_02/enterprise_purchase_order/OUT001_enterprise_purchase_order.csv,15065,8a65578a11a915bbb4e62d8ee18fb58a971c40b9187ef1a938a9e9f065c29153
data/control_tower/month_02/enterprise_purchase_order/OUT002_enterprise_purchase_order.csv,15881,d409bb84a3b5a1e0ef679b4d3d8b1b657ba53fdc76f4b908cf3a2ac6d5fa9785
data/control_tower/month_02/enterprise_purchase_order/OUT003_enterprise_purchase_order.csv,15718,4836882a8c41f9b59d7d6fa6e220680c577dc3c79800faed49be0f4cfcc241bc
data/control_tower/month_02/enterprise_reorder/OUT001_enterprise_reorder.csv,110,a3f14056449f9f17d81c2f0de67954983e524eeda2ca20a39ef176b5473d0d6a
data/control_tower/month_02/enterprise_reorder/OUT002_enterprise_reorder.csv,110,a3f14056449f9f17d81c2f0de67954983e524eeda2ca20a39ef176b5473d0d6a
data/control_tower/month_02/enterprise_reorder/OUT003_enterprise_reorder.csv,110,a3f14056449f9f17d81c2f0de67954983e524eeda2ca20a39ef176b5473d0d6a
data/control_tower/month_02/enterprise_stock_return/OUT001_enterprise_stock_return.csv,445,dfcc298fa5735bc1336bf843ea899a29fc49233ff366f6224fa89b76d69d140d
data/control_tower/month_02/enterprise_stock_return/OUT002_enterprise_stock_return.csv,445,dfcc298fa5735bc1336bf843ea899a29fc49233ff366f6224fa89b76d69d140d
data/control_tower/month_02/enterprise_stock_return/OUT003_enterprise_stock_return.csv,445,dfcc298fa5735bc1336bf843ea899a29fc49233ff366f6224fa89b76d69d140d
data/control_tower/month_02/enterprise_transfer_from/OUT001_enterprise_transfer_from.csv,850,43fc0fedb4aa790631bf4f94f3a79dc41e86c88dbf04b16e6afbf6b96c7b14e4
data/control_tower/month_02/enterprise_transfer_from/OUT002_enterprise_transfer_from.csv,452,062c7135265132262910d8c6a2c2e540b3b4573766854d4ab228d5721ed8ca2c
data/control_tower/month_02/enterprise_transfer_from/OUT003_enterprise_transfer_from.csv,652,797b3f92f36006fedd47f3929e34cc8bf8e2787e9717e9e9948e2a60c06ab4eb
data/control_tower/month_02/enterprise_transfer_to/OUT001_enterprise_transfer_to.csv,623,c722b56c58858a6439c08daaf0676f6268047faa5b90a2b479252c5103dbe506
data/control_tower/month_02/enterprise_transfer_to/OUT002_enterprise_transfer_to.csv,816,e007de0d81323edafba21ecb547c5195764808e7e0bdf05974853d4335d171d0
data/control_tower/month_02/enterprise_transfer_to/OUT003_enterprise_transfer_to.csv,419,fd8a017a4f90e4a8174d193bcab7ce10767a9dbfd16d621a0ccdf67260a135a2
data/control_tower/month_02/enterprise_variance_master/OUT001_enterprise_variance_master.csv,10932,00e417645b2f66d51915bdf1253e53d496fb65884b7c711495ef940323cdd9d3
data/control_tower/month_02/enterprise_variance_master/OUT002_enterprise_variance_master.csv,10771,d81d2b98ebf8f23b092b364aa26f58af831fc76350c73d073389dfc7d8e2afb6
data/control_tower/month_02/enterprise_variance_master/OUT003_enterprise_variance_master.csv,10901,f044dac4f66b8ec34d08a1db4282d86ecf357f203a1a0a5bb190b653fce654c1
data/control_tower/month_02/enterprise_variance_normal/OUT001_enterprise_variance_normal.csv,14796,6a4a670af31abfcad4b65741a99cda08186095336d5bfc63340f7989663a4aaf
data/control_tower/month_02/enterprise_variance_normal/OUT002_enterprise_variance_normal.csv,14661,3472b286b8b47f10e6baebd4842656cf007bb0563d2ca4fc0e758bffd74b1179
data/control_tower/month_02/enterprise_variance_normal/OUT003_enterprise_variance_normal.csv,14795,e5271b11fa6cd2899167cecf4ffefbb1ea972186a3aaa5319c2a8224b960aedc
data/control_tower/month_02/enterprise_wastage_normal/OUT001_enterprise_wastage_normal.csv,2103,7e54ab3c12cce234eb0bf21cc9cf03e3d0db5a0515042629c2b2998b871aefa3
data/control_tower/month_02/enterprise_wastage_normal/OUT002_enterprise_wastage_normal.csv,2038,e71a5d1eef2c271426e857c95cbcb19e1975f6613bca47482d852236e47f51c8
data/control_tower/month_02/enterprise_wastage_normal/OUT003_enterprise_wastage_normal.csv,2074,2e2503e31de07938eae3df154517287b520de465b68be4676a39c2fc197689ce
data/control_tower/month_02/gross_net_margin/OUT001_gross_net_margin.csv,357288,e0c07f0756f096cebdf5f88e9be285a265d667dc4bd4a2054fad12b6c2b7ace0
data/control_tower/month_02/gross_net_margin/OUT002_gross_net_margin.csv,348768,e7e02edebf4193299cdf9571d0bac16125c90f7c3b1c277f909fb7bf70965aa3
data/control_tower/month_02/gross_net_margin/OUT003_gross_net_margin.csv,381264,1544378640636dd8eecce4cfa447600f0c8352ea9ca4c21fecbb46c3a4fb75dd
data/control_tower/month_02/purchase_detail/OUT001_purchase_detail.csv,18559,9488194925e2d248b50ca53117738123b24ff637542c37d5eeefc1665d9da7da
data/control_tower/month_02/purchase_detail/OUT002_purchase_detail.csv,18594,57c80cd2bce7af0c3e68577c0a3cdad123c98bb09ef6cb9175e2e9d5d37ac44b
data/control_tower/month_02/purchase_detail/OUT003_purchase_detail.csv,17904,f90b848774c384b48c5ef0c7bcfb6817d306dd3c70ab58337e29200d607c70f0
data/control_tower/month_02/recipe_consumption/OUT001_recipe_consumption.csv,59807,10ef786439cfa434a01b6854e521eebd7f7d13df80528a4f8c0ae2eea5498c38
data/control_tower/month_02/recipe_consumption/OUT002_recipe_consumption.csv,59762,02997dba401e06f9cc3bc10e057d8653d8aa9fda9365182217314527916a52d2
data/control_tower/month_02/recipe_consumption/OUT003_recipe_consumption.csv,59831,8f511a349a369661f7e6f64367a1694170bf7200439c13ddaacda850ef8b7942
data/control_tower/month_02/stock_in_stock_out/OUT001_stock_in_stock_out.csv,981,23e19725d52d98c84f0d84a65e630951335e64524409a7a74b90b3109fb07ab5
data/control_tower/month_02/stock_in_stock_out/OUT002_stock_in_stock_out.csv,786,aef979050f2ed541d7d0482bcd84c3113a0af62cfc98348b5d2b7f7907d3e604
data/control_tower/month_02/stock_in_stock_out/OUT003_stock_in_stock_out.csv,648,b002072836d2b6c1666a18c40e6ba68ed28425aa724c2824294d3426ef88e841
data/control_tower/month_03/bill_item_detail/OUT001_bill_item_detail.csv,424973,3999a692f96e0225ff63c4a6e2ef60e97be193858468fd42cd9d6cd802164a0b
data/control_tower/month_03/bill_item_detail/OUT002_bill_item_detail.csv,426890,13e8a6608313244ffcf6e00315d37d169e06cef35dc755bb5d58946fd278d0bc
data/control_tower/month_03/bill_item_detail/OUT003_bill_item_detail.csv,492261,f09c73b8ae53fd7ce281cf069d3d1c44ffae5b42b756b5f5b4fc5ec2e25b8788
data/control_tower/month_03/bulk_return/OUT001_bulk_return.csv,817,4b19b34928f4d0138ba1e04f30f1b4ce782db346ddcae91e01e8c160e91e9001
data/control_tower/month_03/bulk_return/OUT002_bulk_return.csv,284,f8e1088ec32a955432d2ac4c74809d59e50a8340b505b68cb2291a370d2c080b
data/control_tower/month_03/bulk_return/OUT003_bulk_return.csv,279,6e9a3af539d53141e1c675b3e2d87a446d841cae6cd315b7b00888726f4cc7bc
data/control_tower/month_03/closing_stock/OUT001_closing_stock.csv,6706,62aa588f42aa52603a77a58012ba46c5fdf12b19a0e8d728146d00fdcd13d4dc
data/control_tower/month_03/closing_stock/OUT002_closing_stock.csv,6428,91e8257f9d457f8008b05b7b3ed5dbdfcbf26c3a69b1af0d57d5300bb5959d80
data/control_tower/month_03/closing_stock/OUT003_closing_stock.csv,6586,c9e5bcce3e0c097acd33f7fe2764f29841bd792f1e03b969029ad95dea54175c
data/control_tower/month_03/enterprise_consumption_detail/OUT001_enterprise_consumption_detail.csv,13096,51742443f5f51b3c1e7198e21b7bdf70aa8ce1f3525cbaf69947b0be1d6f4634
data/control_tower/month_03/enterprise_consumption_detail/OUT002_enterprise_consumption_detail.csv,12728,3d5159f49f7f9a85ff06059e71ac02db69f7005c74bf5398b2e5d12193bbec7c
data/control_tower/month_03/enterprise_consumption_detail/OUT003_enterprise_consumption_detail.csv,12917,55f2854168854ae324f94aec3dc74ddc05bfd6be1f74453b80f3c3d2060b45aa
data/control_tower/month_03/enterprise_entry/OUT001_enterprise_entry.csv,21225,fd29579e56ac6d952bd26dfc3867aacee3be20399a6e836c15cf6aaaf022e337
data/control_tower/month_03/enterprise_entry/OUT002_enterprise_entry.csv,18774,bded6fc3c76524496028e0951c22cf2197f9bf1f0984c50e417035b29d53292a
data/control_tower/month_03/enterprise_entry/OUT003_enterprise_entry.csv,18738,ccfdfebd09ea62e297468ebe2b715fc86dfa2973833085576b42598015e66988
data/control_tower/month_03/enterprise_opening/OUT001_enterprise_opening.csv,6451,f97df413c8f15b4bb63da7527116968b34954fb7c993ee05745830a5f1138684
data/control_tower/month_03/enterprise_opening/OUT002_enterprise_opening.csv,6190,19d1ff2087128b4caeeb939605dcb0083f62c5b114f0d5505b2c50d62db4ad78
data/control_tower/month_03/enterprise_opening/OUT003_enterprise_opening.csv,6365,5937031617920a06b65c4552b3348932837f9ca7f13db362e9e6ac2941d8da9c
data/control_tower/month_03/enterprise_physical/OUT001_enterprise_physical.csv,8168,990c69ac0ccbc20176dc87ff41ebae5c3d01a2627855ab306a8e868d309093de
data/control_tower/month_03/enterprise_physical/OUT002_enterprise_physical.csv,7890,6b8175d8d113cbde73b7d9a32e4996ddaf63e426d8642e4dd281134f190d01e2
data/control_tower/month_03/enterprise_physical/OUT003_enterprise_physical.csv,8059,24dfc4a30b891ee2791fa66a2823a7ff63022838f838bae64ef28724bcc2f925
data/control_tower/month_03/enterprise_purchase_order/OUT001_enterprise_purchase_order.csv,18050,c63d1a2f53921977a2c704bcf1ba2d76c41b32e4e416ba8baa62955b7ffdc8da
data/control_tower/month_03/enterprise_purchase_order/OUT002_enterprise_purchase_order.csv,16066,dd700bdbcaad941132d0fd6dd5974b587a1527f4ec66539154c42cd25b6c09da
data/control_tower/month_03/enterprise_purchase_order/OUT003_enterprise_purchase_order.csv,15923,3cc48baa833ecc8e4e781f8798595da62efb9cc11fddc702c6c74a426e17c48f
data/control_tower/month_03/enterprise_reorder/OUT001_enterprise_reorder.csv,110,a3f14056449f9f17d81c2f0de67954983e524eeda2ca20a39ef176b5473d0d6a
data/control_tower/month_03/enterprise_reorder/OUT002_enterprise_reorder.csv,110,a3f14056449f9f17d81c2f0de67954983e524eeda2ca20a39ef176b5473d0d6a
data/control_tower/month_03/enterprise_reorder/OUT003_enterprise_reorder.csv,110,a3f14056449f9f17d81c2f0de67954983e524eeda2ca20a39ef176b5473d0d6a
data/control_tower/month_03/enterprise_stock_return/OUT001_enterprise_stock_return.csv,445,dfcc298fa5735bc1336bf843ea899a29fc49233ff366f6224fa89b76d69d140d
data/control_tower/month_03/enterprise_stock_return/OUT002_enterprise_stock_return.csv,445,dfcc298fa5735bc1336bf843ea899a29fc49233ff366f6224fa89b76d69d140d
data/control_tower/month_03/enterprise_stock_return/OUT003_enterprise_stock_return.csv,445,dfcc298fa5735bc1336bf843ea899a29fc49233ff366f6224fa89b76d69d140d
data/control_tower/month_03/enterprise_transfer_from/OUT001_enterprise_transfer_from.csv,851,44daa99bc1dfded353107af4acbdd7e4f5aac0a1c6410fdde6c19844863a5f91
data/control_tower/month_03/enterprise_transfer_from/OUT002_enterprise_transfer_from.csv,452,84bf2626c75b03ffbf00d2f151704776459d54dbf8c8d35bfb4f28f8d335295c
data/control_tower/month_03/enterprise_transfer_from/OUT003_enterprise_transfer_from.csv,653,fa07e752a1838804d0eff2c5e3487a4f71f567c8da083779942d5baf2d23d9c4
data/control_tower/month_03/enterprise_transfer_to/OUT001_enterprise_transfer_to.csv,624,02ab663b8c4c13e7f009987d0b90e4cab65f773bf20129463819d347329a3864
data/control_tower/month_03/enterprise_transfer_to/OUT002_enterprise_transfer_to.csv,816,2c86515c86296d08cb144e6d6075a76b5c1f8f43fb1b15eca853f6cb3d11a916
data/control_tower/month_03/enterprise_transfer_to/OUT003_enterprise_transfer_to.csv,420,9eb6719fde2b2203acbdf9ed223cd3512f36f5710a3dcd55a65a3c23d73afab4
data/control_tower/month_03/enterprise_variance_master/OUT001_enterprise_variance_master.csv,11051,b9f4303f7d4c6264ca4d4dc3cb06d2ffb3352deb92aebcc87f7c34a6b18668e6
data/control_tower/month_03/enterprise_variance_master/OUT002_enterprise_variance_master.csv,10746,b301ac95f582cf6400f2aab5481352226ca33ebb82c8029a5d25e0ba7a1cafb6
data/control_tower/month_03/enterprise_variance_master/OUT003_enterprise_variance_master.csv,10916,c2513548e200df7cce8a9aba3cc3a56fe732f5e754562f2be268d24abde066c1
data/control_tower/month_03/enterprise_variance_normal/OUT001_enterprise_variance_normal.csv,14983,94f86274fa8ddb33f87cc0867e8c1d6a6c585d8a03e78077215ed7137b4c8766
data/control_tower/month_03/enterprise_variance_normal/OUT002_enterprise_variance_normal.csv,14619,3154e718b453da603c72f49a2cb31c2d994dbe4c1d30e701166402699a4da427
data/control_tower/month_03/enterprise_variance_normal/OUT003_enterprise_variance_normal.csv,14821,294a0b73ac5282527c8b32a6481b5ec32607da3a32d891b6aa0e173ba7e3ecca
data/control_tower/month_03/enterprise_wastage_normal/OUT001_enterprise_wastage_normal.csv,2105,365ebf7aea5079e0dcef5f84ad06f72537f508e174775299e9b29d607ad2d6ef
data/control_tower/month_03/enterprise_wastage_normal/OUT002_enterprise_wastage_normal.csv,2028,a8819cbf821e6d2a9c06a707caf113cd4be7e8002a800c5c5adf6e65e6fed675
data/control_tower/month_03/enterprise_wastage_normal/OUT003_enterprise_wastage_normal.csv,2082,3c851449336873dd0976859bfb838b0467ce0a219f4cf74ebb520481d3d71b34
data/control_tower/month_03/gross_net_margin/OUT001_gross_net_margin.csv,392530,66cd3a8c07e85bfc741056d77f64cb0ea32718d3bb5c3fe575633cdb5467c367
data/control_tower/month_03/gross_net_margin/OUT002_gross_net_margin.csv,387444,e9eaa894ceffab40174c1589f145bc683f95b33901d7b2c50f67c9dfcc669d7c
data/control_tower/month_03/gross_net_margin/OUT003_gross_net_margin.csv,450456,ec5214378acdf9f8394a3a426b1b60c8c720f1c1777ff58c4288cda519b970d7
data/control_tower/month_03/purchase_detail/OUT001_purchase_detail.csv,23090,54d8a69ff243fc95b7c75e77f0fa7e3d5c14ef8172b08f69d1d6f0aa4f613599
data/control_tower/month_03/purchase_detail/OUT002_purchase_detail.csv,20495,0f7cdc9a8c979a9b924e0300f3a40d5e1ccfc7062fad9a0bc4fbac214881c564
data/control_tower/month_03/purchase_detail/OUT003_purchase_detail.csv,20437,c36f4663e35e261a258600af0ff8e72369a4633a399d96147c44cff5a0d76f8b
data/control_tower/month_03/recipe_consumption/OUT001_recipe_consumption.csv,59335,657090cfea8fece403f70b533c06458f8399932c2f9a0182be4d998eb25b5258
data/control_tower/month_03/recipe_consumption/OUT002_recipe_consumption.csv,59713,761f73da37857c1b3263052d73403181a70462089b2a88f6c133bdb4c759ffa4
data/control_tower/month_03/recipe_consumption/OUT003_recipe_consumption.csv,59920,8b47670613bea0a31eb38a6f01bde1a308f064b5ed3faa71b363200662eac4da
data/control_tower/month_03/stock_in_stock_out/OUT001_stock_in_stock_out.csv,983,b3bd6ba93dd3f4c1c706651eb35e8f814ca0e01bc8872fee48d45c7b637190be
data/control_tower/month_03/stock_in_stock_out/OUT002_stock_in_stock_out.csv,786,4823f7c56a0144e89ab376dc8596ab77151ca95bcc7105c4eb25417c48be14f2
data/control_tower/month_03/stock_in_stock_out/OUT003_stock_in_stock_out.csv,650,b975501c0adf205cd2cf5cb07e0a041ed1c300a770616352f9274ae9c1aadbb9
data/control_tower/static/item_recipe_report.csv,58152,a2a7321a9778d58e80097d922e79a6dc65f7e492399f706385015df1969c2a77
data/control_tower/static/vendor_report.csv,16905,c4eb9bed1a6ee1b2799f134c7f0cd976ba64e53738cf77fd6ebb9c7a09fa532d
data/month_01/entry_report/OUT001_entry_report.csv,16902,5e0ab7a3aff45149b32f3bf230dfbca99fde1925a193790f9dea0c24ea71a8b8
data/month_01/entry_report/OUT002_entry_report.csv,15231,06986c00b99abd1351988f2014f5836b28c2f670f8da4c89deecdfa3fd5c57a8
data/month_01/entry_report/OUT003_entry_report.csv,16381,7d7febeb385fe172d86f34f6c7d44ebd5005099a35bf2e54ec3da451b4ef0c7a
data/month_01/inventory_closing_report/OUT001_inventory_closing_report.csv,196113,98f8e05f2ea849bd00b8a881d2e58e80a03a5f8a1a2911c313d9d6685e09f139
data/month_01/inventory_closing_report/OUT002_inventory_closing_report.csv,189363,ef7850b3c8965ef2ab05d0bd5779607dc8904f05dfeedfdc3ed2d19ade15e4d1
data/month_01/inventory_closing_report/OUT003_inventory_closing_report.csv,193666,3146a777808bc61a09d8318c1a4b31730cd577a4eee25bbbd802cae976158e6b
data/month_01/purchase_report/OUT001_purchase_report.csv,18618,60dafb036b04206329d537ad3a8de738236734b7a59dbf085bb749aae8dc8637
data/month_01/purchase_report/OUT002_purchase_report.csv,16732,5cd72aa40df1cf970711946b2a08aab0a9ea0e071c3928c8b44eefffbe7e0d54
data/month_01/purchase_report/OUT003_purchase_report.csv,17477,2688bce72031ec8d30d2773b13194822497b6f159b055e06584fe5d06a094627
data/month_01/sales_report/OUT001_sales_report.csv,201345,c16d001397c42cd071e981438d03932983df3f914d7514898e854e9e26a9d92f
data/month_01/sales_report/OUT002_sales_report.csv,200106,b9e0b1be806e3d05559686aca83448f26244bbb4304c3ff9bdfe5e65bfab9a7d
data/month_01/sales_report/OUT003_sales_report.csv,224243,9e8de2b3e3140e77fedce7d6402f1703dba578efba48a4296975fe8d62e8c30b
data/month_02/entry_report/OUT001_entry_report.csv,17060,1b6c5d8399d9a25ad1e23f635f1acc8bc1c2013104c72de2374a74bc34caeec3
data/month_02/entry_report/OUT002_entry_report.csv,17169,b9e14a3ef4fab0077bbf8bf5115bfbffd1b39bc7f68c6fe0dc58b492e6de39a8
data/month_02/entry_report/OUT003_entry_report.csv,16848,f2185959c55efd7108841a9150519f3c680a9b50b7dfbc4bb41bded0ad118688
data/month_02/inventory_closing_report/OUT001_inventory_closing_report.csv,177900,a807bfb04b2066ec9a9cdcec9d5e51978db3edefe3cdb7d03585f442ff918d3b
data/month_02/inventory_closing_report/OUT002_inventory_closing_report.csv,171705,5f89e912292929e90cd672e32b778e2bada44595bbccee24faa9bddd6ec9d382
data/month_02/inventory_closing_report/OUT003_inventory_closing_report.csv,175602,b36a9afc14b333c3f2b0563268aa31a8525d76b4c2af1854a2c7a6139f68fc8f
data/month_02/purchase_report/OUT001_purchase_report.csv,15230,90b1d87b7753f352f44d5912dae27ea0d0c7d77746233135c7d382154edfac6d
data/month_02/purchase_report/OUT002_purchase_report.csv,16081,9d838227192914af01658fd561caa0fed7428ae860b5164857c08b8ddad642f4
data/month_02/purchase_report/OUT003_purchase_report.csv,15907,8aade22f389ba7eafc2b55b0627c3988851a19807d6f9f443b49c5d41074e07f
data/month_02/sales_report/OUT001_sales_report.csv,193838,07168a5f9b22356a4c775d5bb696b17729956fed0ea5cd9a1772929003873fea
data/month_02/sales_report/OUT002_sales_report.csv,187260,125f15af0ac2b80e0df6642d69d7ce4ad7a62d821451e52f4d4748ccdd466e1a
data/month_02/sales_report/OUT003_sales_report.csv,206408,9f166029d0842dfed160604e6f35b359c23407650c687a1e5fdcfb88b87d91d1
data/month_03/entry_report/OUT001_entry_report.csv,21016,9de2d129f67a1ff8e681548ac3b0347085b2f8dce6c44575eeed1ef8486066d8
data/month_03/entry_report/OUT002_entry_report.csv,18668,4ffcf67ed747cd889cba122bcc03952321bb9a5389e219c6c716410db5967d45
data/month_03/entry_report/OUT003_entry_report.csv,18346,2e98debce90d057d7a11f8288320a22a7362b6f37d90ccba0ba447965d9e20fa
data/month_03/inventory_closing_report/OUT001_inventory_closing_report.csv,197282,c69b10cf23b7f4906b7f65a584a25766160096a61e59c7ccb914771e671ff227
data/month_03/inventory_closing_report/OUT002_inventory_closing_report.csv,190366,5e37a4384c6f5b317137888ba419284335fc01d5dbdbe545a72d76ee07f68aee
data/month_03/inventory_closing_report/OUT003_inventory_closing_report.csv,194766,309a7619302f734dcdeedac2aec2338c72037c8bee5dd4d4cde94c888957bc44
data/month_03/purchase_report/OUT001_purchase_report.csv,18299,69268fac2fa19d4f7c89378ce7cd8e3068e94c0e0f9119c74b55a4a6ad0441f4
data/month_03/purchase_report/OUT002_purchase_report.csv,16283,fb9b74a955c284113b552c686ff831582e075d46bad91a5a6440a1ef1e8aceb2
data/month_03/purchase_report/OUT003_purchase_report.csv,16140,e131efbbb43a69fd29de5c45cb78331e5c266cb08c22674ecd2028a3843012f2
data/month_03/sales_report/OUT001_sales_report.csv,213005,2a7562ec0fe933c94eb257f2ed82aa890a5ecabf2445ebe21f9802da4cdf505a
data/month_03/sales_report/OUT002_sales_report.csv,208338,9f11584f3a6bea983ba0b2b243d3fc2868e6580f0663ef8008a0d9bca93e51f4
data/month_03/sales_report/OUT003_sales_report.csv,243805,4e3e11ae4508214ad4e7e50ae25e299fe92d43df5a9abe4ad968b228ab9db9f5
data/static/brand_recipe_consumption.csv,34273,ee966927713933e7d69eef2919dd01fbc5e6e3dff65cf6642121fb2e6352501b
data/static/competitor_pricing.csv,32828,63e669c9cbec7cb4e8463090a6796c0a52709d46e02608bb72637faa3a1d4147
data/static/indian_calendar_holidays.csv,1640,95fdf9d14d335919256096b3e5dac49e16580bb539c982df2dc74f4e1e60598e
data/static/manual_calendar_events.csv,4171,34a1bb0b3fa40df280228f703aa330d3371ee21a9d151431c5782ba453d356ee
data/static/menu_master.csv,25108,9834db531ab23aa91b340553d193db77c2aabfc62dd417d4bb7f827f8f1d32fe
data/static/vendor_report.csv,17621,ea767994c6ed1363456900fcaea64981b3acba0791fbf9d1f69f7f064a4766ba
docs/ACTUAL_CSV_SEMANTIC_REASSESSMENT.md,4510,6b1d07b52d18ac4facd57294586455be06d1c014158d503e34bea640d563bd79
docs/additional_dashboard_charts_deep_dive_readme.md,22562,f9dba7e82d526daa9abbb6f7b7f4488369dae0a1cafd73a1eb9baef97cecb132
docs/CONTROL_TOWER_KPI_AND_CHART_LINEAGE_HANDBOOK.md,261969,0c36ef9c4e70f0e7caea443cd87c048516a45543b7c9da6dfdbac14932d6a08c
docs/control_tower_model_catalog.json,93967,d26fa29ce787f72fddb7fa6af326d87d3c3423ce8bb3ecba570a4e9bd29b3e1a
docs/control_tower_presentation_contract.json,195947,de11d7e42334c4533b33965f24f4369e8f239da0660fac166704bb0c43ea396f
docs/CONTROL_TOWER_PRESENTATION_ISSUES.md,3984,b613ef0c31b12ca3636c29021e06b4fb802c5f33fcf1a667eda1af47364b90cd
docs/CONTROL_TOWER_SOURCE_FEASIBILITY_GATE.md,5854,82c54c62e27f67f9121f8561feab795b6575265d96d9fa523ee515d4770e0c80
docs/control_tower_synthetic_fidelity.json,111279,1e40416cfe31e522ce1c5232bb6896a5df1c3324a6f60d3f69747df5d6861f84
docs/control_tower_synthetic_fidelity.md,8401,4b171348b9aec2adc54680b1a730dbcac82f4d82830dc6c92a3f29afa6cf2d70
docs/control_tower_synthetic_validation.md,7883,68921d94c9dfda7b1365e597c7fce3977aeef2a2902c976d976c25e7681a9e3d
docs/control_tower_v2_source_kpi_matrix.csv,7359,f863808b813c607cb7e5260e79e2c48a446608cb72c2016e4348b04ee94549dc
docs/CONTROL_TOWER_V2_START_HERE.md,8810,f637b5b39b2c304df9494d24b0472c193acbd4e4541b618846825ee77c5cd25f
docs/control_tower_v2_truth_reference.md,3882,d6c972b77adc746981ab84db005b8ecb51711619ecb154cd16d8b9128d163bd9
docs/dashboard_module_plan.md,10375,430e4916e379d4ea26b1e2f29dc21219c2b5c84bbe5bc979c0bc03c4cceb72cb
docs/data_dictionary.md,2325,df88d14ad8742a9a550ff105c40708a60645030d4088199480f56f1c93b32565
docs/demo_script.md,5173,f20c55f8634762eb4fbfb66743b3f8a9665c3ef04cde7e5b6022b613f7f53ac0
docs/external_data_signals_pre_uat_plan.md,24873,9f257351118a75085796fed1b5bf11c6a097e628d200bb1a6d8dfbd8980c7655
docs/free_ocr_setup_readme.md,3108,6d94b3cb74d4afbe0ae5d1f523c74c1ecc0c8ceb1b486648e099ddfe1f386403
docs/inventory_dashboard_step_by_step_readme.md,27637,84d01327e6bffefcdac12eb9c93630294e28529f2bec4ead3cc33fa70fa25f7c
docs/model_validation_checklist.md,8483,de96f9d06502727e4df2d5fdbbfd0d6920c9351fd30f9bd416abb218ae757f53
docs/month1_truth_reference_readme.md,54313,72bc967edc98be1fb137f6abaf76e6df38b16f45b1f054ddbfe55e3b74992c93
docs/month1_truth_tables/competitor_positioning_truth.csv,6712,537c03a6044e31674f03c3e1353e515bc9ed6cf080c02634d1c9499318200e68
docs/month1_truth_tables/dashboard_prediction_pack_month1.csv,30413,3163d656c730b60d6c78f1ff30ff7d5f362a13195fc650f95960514b577daeaa
docs/month1_truth_tables/event_lift_truth.csv,1328,1a56953d5184673015a31dacde2a1cb34865898418414c4c4669797337954bfd
docs/month1_truth_tables/fact_outlet_daily_health_truth.csv,12291,b52dddfa7816f61ac5e814254688e83ec62dc919fbbada9c3194a5e8fe1e85c4
docs/month1_truth_tables/fact_vendor_spend_truth.csv,67011,b9055f750064ed5ec53cdd9bf33f383e8d9fa9fdee69e9c944d1429e72ae1036
docs/month1_truth_tables/inventory_category_truth.csv,3600,36685b8628db99596054b162ae9a8755b26171893a1f774876b1499039908af3
docs/month1_truth_tables/inventory_latest_truth.csv,22629,37e14c62d3f94e8095187729d97f07b43f27427b4b580471d8fb483a1c17d268
docs/month1_truth_tables/menu_item_truth.csv,43797,d4715964b25e9aef8b4cdc894bcd2623ea729f774a19b4d36d964da0f7414310
docs/month1_truth_tables/outlet_summary_truth.csv,1301,123c3ab44a1e8c2b0ced007150e50f25d35d085d049f3709b23234cda5bbc1cf
docs/month1_truth_tables/po_gap_with_zero_open_status_truth.csv,1554,126ff7ea849c98dbe6ea3c80ec9b5a6d5395da9e69f65caf9d5fc72a57ad9c07
docs/month1_truth_tables/po_status_summary_truth.csv,1030,efbe305ea1ec39e34a2c882a92ecbafc50c3460bfb63f4bdbcde508993cc0e4a
docs/month1_truth_tables/qa_filter_bank_month1.csv,46316,b306571b2da45238717f128d4614b28c24aa8fe3244c2332abca4f55a998b7a2
docs/month1_truth_tables/query_table_audit.csv,7904,aa32e9df5884a19fb62662d4843152b8e324b9a61aab813f5ac36e1415698b53
docs/month1_truth_tables/sales_category_truth.csv,4872,3e75f28502f74b19c7bfe4b17dace7f235f13df59fcf01940524575e7847158a
docs/month1_truth_tables/theoretical_consumption_summary_truth.csv,25168,91824c8da34d04b00362ef06f1f8b2e50d920f56bc6240032cf61ecef4642701
docs/month1_truth_tables/vendor_material_status_truth.csv,31274,7084572a13d9fbcbfe345a283203df5336929efd216cbf83c8643f14229e4ef6
docs/month1_truth_tables/vendor_outlet_truth.csv,4620,eb17020d678059ee2dbc1c2518e1912e001cd84c2f64069785d5464929055410
docs/ngrok_fastapi_zoho_main_data_test_runbook.md,9041,c9d825d1fc6a9b5051941bbfe4ec0b62cdb8ec1ae4eb1d33be9ad8225cc5a0fb
docs/posist_uat_intake_and_model_adaptation_plan.md,20819,1dc3a8e3177919a5969621654bc27e3adfac25db81f607c05d71214dd919b3fc
docs/PRESENTATION_SAFE_ACTUAL_DATA_ISSUES.md,6995,991f1eb49a75af98560630b75dfb5377eb5a10e3186e2c5faf9bd71bd6f00113
docs/run_screenshot_extraction_on_ocr_pc.md,3195,6bdc3b60c67f61629c4debe308519da9d1cf7f88ade06f698da9d5cc7df69b2e
docs/validation_report.md,3637,95f618942061ec6cdb795401d7f24e106fba9f00a0c14b41022c1ae6465557dc
docs/VENDOR_LAST_5_PURCHASE_PRICE_ASSESSMENT.md,2890,e685b382bfe785dcca0ba8c37de30078a8bd1bfb7879d3013f42e6fa61a562de
docs/zoho_actual_data_model_build_readme.md,35303,41d17adb385d1d971ecaf46e337237a87430d84fd5a379a376736a7e386989b4
docs/zoho_ask_zia_exact_step_by_step_readme.md,57037,7792431f50edeb0b06576f180a75c8da1c611c7bc0e808863365bd2d7f30dd86
docs/zoho_ask_zia_query_table_sql/01_zia_executive_outlet_daily.sql,2109,ce20993894135123e7b6f25352a2f52cfd2fd3651447fa7f88e218c2684637c4
docs/zoho_ask_zia_query_table_sql/02_zia_executive_outlet_month.sql,2033,1e01dc69f540ab9b25ea7c8de453b5b8592a554fb15367cca2dec8e6ffcdeaf0
docs/zoho_ask_zia_query_table_sql/03_zia_sales_menu_daily_item.sql,1340,e7c23ba9e76801147778a91013069c3029993da53f89ddc44d8f626fa0b16820
docs/zoho_ask_zia_query_table_sql/04_zia_sales_menu_daily_category.sql,1495,0798e4e638bd3f7a4e7abef0fd858f8d83d1dcc49dbb111a1255c9d18518174a
docs/zoho_ask_zia_query_table_sql/05_zia_sales_menu_item_summary.sql,909,349b29248d2cc462a7bd92079ccd4748997b9b64c7e2153adfd37a8d8e28d74c
docs/zoho_ask_zia_query_table_sql/06_zia_sales_weekday_category.sql,1426,e94a5b6f452e6d583b9a6dce09f4e6675d6a7307cbed1be0206f74a51d28ee8e
docs/zoho_ask_zia_query_table_sql/07_zia_procurement_daily_vendor_material.sql,1268,a48e06170df58e17bdddf7b23f3674c74c75bdd93cc76a541582a2627c46f422
docs/zoho_ask_zia_query_table_sql/08_zia_procurement_monthly_vendor.sql,1555,3b6cd835e8ef7ba3e5ca24009d9d01db471d96b85dc0f402142e88bbb3124714
docs/zoho_ask_zia_query_table_sql/09_zia_pending_po_detail.sql,1539,c4c364766a9640afec45b27fae0ca1df88d320c0dee0c0dacadb8c94b6ec3a64
docs/zoho_ask_zia_query_table_sql/10_zia_current_inventory_snapshot.sql,5165,4ece5c0c40c2236c90b29b7ccd1698a5906a196d486baa1b1769597e8b0834b6
docs/zoho_ask_zia_query_table_sql/11_zia_inventory_daily_trend.sql,1435,e88c2c1a0474e358b33a9e3bef539ebec7c1fcf0efd00c85cd6b5701d37ed77d
docs/zoho_ask_zia_query_table_sql/12_zia_theoretical_demand_daily.sql,1194,3790829567b745a232a941980b0f919d4f7339df873b9b809236091fce2acd90
docs/zoho_ask_zia_query_table_sql/13_zia_theoretical_demand_summary.sql,1089,8a8e936cab4e2e9d96626e8ca88fc93cbd69ead7022fdb515bed4eaf240acf20
docs/zoho_ask_zia_query_table_sql/README.md,11796,7200431329b0459661b5d792301308bf91aad5ab4d4ab4b1b2aab3f3325c975e
docs/zoho_control_tower_v2_ask_zia.md,7381,c9b007ecb6bed9d9cd9fe02cbccdff48c93109dbcf5c6e7e81ff83de5f0598e6
docs/zoho_control_tower_v2_dashboard_click_by_click.md,27009,9e0afa5bb389ace51b62ce259d084542a806841c69b056d1440c48a5f08cb5a8
docs/ZOHO_CONTROL_TOWER_V2_EXECUTION_RUNBOOK.md,15274,7ebdcf57fdb321b93f062a7dec0a6356b615616a4197af204bc2c295f7ec98f5
docs/zoho_control_tower_v2_import.md,7796,fa121f40207dda3d03e204bcf4159ecd3dcc0159cef1eab2cb61318d329a642f
docs/zoho_control_tower_v2_query_build.md,14448,4be12c4b264d31128b6b54c22b05ed6160fde72dd8024c12b8c34c7bff7fa7d7
docs/zoho_control_tower_v2_sql/01_std_ct_sales_item.sql,1475,1ec5b82f5d612178df15a76e9967d8fdf7ae834aeb399a5e80a1bfa9766f797c
docs/zoho_control_tower_v2_sql/02_std_ct_recipe.sql,824,20b0aaf5072e03c2a300a912765095a5bf9400b856d763a48cb892fd5244b0cf
docs/zoho_control_tower_v2_sql/03_std_ct_theoretical_consumption.sql,891,506bb41eaa9fa14f4b8da7114f42f6d008a62b752e8a17e2e2900f0ce3065cbb
docs/zoho_control_tower_v2_sql/04_std_ct_inventory_period.sql,1723,26bd42862a12104bc1353b8bfdf51ad557452c2ecfcd8111b803ffcb8f61458a
docs/zoho_control_tower_v2_sql/05_std_ct_inventory_snapshot.sql,1049,e44f46afc9d3bfe6bed786eff4043436227c67f38beefc733dc34fb31e577802
docs/zoho_control_tower_v2_sql/06_std_ct_inventory_movement.sql,2469,f2f273107b60a95df4f7579188a434c6c3c9319875b29d7ede21facb6a26fbd5
docs/zoho_control_tower_v2_sql/07_std_ct_purchase_order.sql,1797,8045e76be2501c2129e0198f30e7173e32dcd0b09a7dcde03267b016ce50433e
docs/zoho_control_tower_v2_sql/08_std_ct_purchase_receipt.sql,1383,a1d37642828f1ce465b6a89c9dfbaaa7aa8f4b263b10de6c063ff218e3fa2a5e
docs/zoho_control_tower_v2_sql/09_std_ct_wastage.sql,1073,7f7fcf54828b209336cdfb00b604f5dd7ad8657a7ab357bac3d33ee55af4262c
docs/zoho_control_tower_v2_sql/10_std_ct_vendor_report.sql,1035,a8cb712b39a60f6601b2add855135eec7ed0156cc844be2bfc65472442770e92
docs/zoho_control_tower_v2_sql/11_std_ct_menu_forecast.sql,946,8be81fe47ac15bb58c70ec6f7021418ce71bacd95142c206776408d304e03df4
docs/zoho_control_tower_v2_sql/12_dim_ct_date.sql,687,6ced054ce6edad00f636925646911f5b6da56e4e54f8f9056afeae08ffdac041
docs/zoho_control_tower_v2_sql/13_dim_ct_outlet.sql,754,d67b2f9151e09537061db3f12f531c7e0f505161949f4f24670c2821560ced4f
docs/zoho_control_tower_v2_sql/14_dim_ct_item.sql,1291,ac52dd279a0e2b07ef9b28b46a6cb39e6fd19af8164c73004bd6d047e447abf7
docs/zoho_control_tower_v2_sql/15_dim_ct_menu_item.sql,611,f04a997be54960b1285a43d8a7b2716cf2b23b74ca2d0f11b0759e105f9f6f3d
docs/zoho_control_tower_v2_sql/16_dim_ct_vendor.sql,1966,fcd52b58ef78a0aeab939bfb7516d61258a6d8e49214b4c151c3c18eabce73e8
docs/zoho_control_tower_v2_sql/17_dim_ct_recipe_effective.sql,1942,9a312d529261d4bbc287311998ac2ac6a5f4ba9865394b929b68c1a4cd198304
docs/zoho_control_tower_v2_sql/18_fact_ct_sales.sql,456,72e97f3486bbd4b1d052fccf4337fb5aef2ba399ff1a717edbbbf55279ebe3c4
docs/zoho_control_tower_v2_sql/19_fact_ct_theoretical_consumption.sql,501,d5aa96071500fe8987515bb13905dfd6714a34f1b7663d3566b83c1fcd0f574d
docs/zoho_control_tower_v2_sql/20_fact_ct_actual_consumption.sql,815,df13b7b23665a0242a0e07cf7e190637658d6482b20a4d8547ae1ea9154ce103
docs/zoho_control_tower_v2_sql/21_fact_ct_consumption_variance.sql,1826,6223d588256262b3d0af83a1f3a1640591358dcd45b579e1cc9ea15397ea57ff
docs/zoho_control_tower_v2_sql/22_fact_ct_purchase_order.sql,776,a80842beae31e9a58deb44a02952df64b9f07eda219700f35cd0ad5f3c2cddef
docs/zoho_control_tower_v2_sql/23_fact_ct_purchase_receipt.sql,342,cfca8c1ee0b4841b50e828eb2c3871827caf24a5f8cfc61c693a52ab35b406a7
docs/zoho_control_tower_v2_sql/24_fact_ct_po_receipt_line.sql,3488,fac3b1d0da3f7ca796f049f9bfdd81952f284b766a72b45c1f8c80f465c409c9
docs/zoho_control_tower_v2_sql/25_fact_ct_menu_profitability.sql,1842,208545bfd9cca0966673094dbb1bb85e1b7d3e9ff8c9428e697f9de32779787b
docs/zoho_control_tower_v2_sql/26_fact_ct_forecast_ingredient_demand.sql,1157,4949ca8f85304150d640c1cf4fe588d9d49d3695f67e3955cec9d2545c8df38c
docs/zoho_control_tower_v2_sql/27_fact_ct_inventory_risk.sql,6837,85fcbdf302fa214a77d3ac805c5b3c18f431a787bcf0a5213a8d039172359936
docs/zoho_control_tower_v2_sql/28_fact_ct_menu_impact.sql,4426,e2cce6512adb5401d9d57a95ef0f0417683b7ab6326146d93c5090b67655bcde
docs/zoho_control_tower_v2_sql/29_sum_ct_procurement_funnel.sql,1049,5b0c6f747caa88ca3a598478d4b932d24df9b8f3069a1219eeadb620ebe40fa6
docs/zoho_control_tower_v2_sql/30_sum_ct_vendor_scorecard.sql,1391,c47d03e2706cb9a78a806dc1b059b5782fc9c67ef52a49cf40208fc4739e7c31
docs/zoho_control_tower_v2_sql/31_sum_ct_price_movement.sql,2359,0b9bac97aab6e255ddbb8590ba9f573740df028144485e5449eae707cc46600e
docs/zoho_control_tower_v2_sql/32_sum_ct_menu_profitability.sql,708,d52bcefa9af85fc1494f7560cfbe246c62833e06ed20a0b995f8dfd65c1ea61a
docs/zoho_control_tower_v2_sql/33_sum_ct_scm_monthly.sql,2511,5c239ec3be79fcd4e9a662e2afa8fcd6d8fde31c74aa3ba8ee502915cae58539
docs/zoho_control_tower_v2_sql/34_fact_ct_data_quality_exception.sql,7565,543c90d279cc6b85c1a517c4e1a1df77b3f32190ec094b7cce091539575c94b5
docs/zoho_control_tower_v2_sql/35_sum_ct_financial_leakage.sql,668,21b6a0980b20c011b87780e22bb803f95b29bb71c5ecfcaac4a683429eeba355
docs/zoho_control_tower_v2_sql/36_fact_ct_risky_po.sql,2481,ccb4f91984cdc67dd45079caf47c36699107508ca6eba302604a01966fa62486
docs/zoho_control_tower_v2_sql/37_dim_ct_outlet_enriched.sql,1553,1002eb19c99416ee6d0b0f580f0965c6e1b9f4f325da588ac7af4f52bf8b2af4
docs/zoho_control_tower_v2_sql/38_fact_ct_expiry_risk.sql,3169,dc2892fe14948fdc50e798d20fb830a1d3448bdd65bcf6775e78381d72992a8d
docs/zoho_control_tower_v2_sql/QUERY_TABLE_MANIFEST.csv,8401,8220015773e046b8c00e14ec38e07ea90707a893eb6b9d3981014dee675cd3be
docs/zoho_control_tower_v2_sql/README.md,2057,2a6b459a22d5d4cacb19814b0fb980ccc8c14280932bacf602d1d5374abedbde
docs/zoho_control_tower_v2_validation.md,9147,0930a5536d2ac12faec44a1e18a434f5803e5355e0f7fd1b6af50ce36a9db7bf
docs/zoho_dashboard_build_readme.md,86553,70fd8162406cb27a78836d21f847e67338de102e7ce3309e22de7530389762a8
docs/zoho_dashboard_click_by_click_build.md,47018,16ce75d2d044053a71846fb1bac6dceafa9ab42729ac287d5f020a9c07013912
docs/zoho_data_model_plan.md,17036,b4757ca6e2db5fc0c921e29f6f000a50f2d7233375d3f6defc6cf6aae0a0bb92
docs/zoho_duplicate_import_recovery_runbook.md,6795,077bd118f5dbbed05e25898ee8e14ce16bad50bf5e373ce20dec6c521d6d2a7c
docs/zoho_fastapi_feed_test.md,4263,00b7f0731ff52a7186876ff864df237e4842e87e15975e04aaa49634975b13aa
docs/zoho_import_notes.md,1514,a57150edf368efc5222c11466b202d4694c13913403f26048597816c6d17598a
docs/ZOHO_LOOKUPS_AGGREGATE_FORMULAS_AND_PRE_DASHBOARD_SETUP.md,34259,76a9dd57953ff6e91d747876212f42ed6c7e5249fc250ec52f3b140c6ec5cdc6
docs/zoho_manual_build_steps.md,6656,913aa8c3773132420eacd81c7af059ecc9ee233264442a3920f7ae59b54c42fa
docs/zoho_modelling_approach_and_dashboard_coverage_readme.md,26892,cb2f251914b4cc3a851b05c70e5349963a22d9ea80b5bb9b86d5ee9a40fd1cfc
docs/zoho_query_table_build_order.md,7250,2b67f80ca33c06eb5a5fe9a5f73893d781601d6262595d75441833f8c45eb9e7
docs/zoho_query_table_sql/00_check_raw_duplicate_state.sql,6248,306cd8d28842bf870bc7a65dfe65011e117cde930ba7725a91970d53270792d9
docs/zoho_query_table_sql/00_check_sales_by_outlet.sql,1162,d98ef6c334e8328ccc6c5a45100c586b04bb552a3d09a81faefa4d8125fae099
docs/zoho_query_table_sql/00_check_sales_integrity.sql,1793,c1773f30bff0efffe737abc83b9444bcb7a79c471fb4d4777bab222040b3c3bf
docs/zoho_query_table_sql/01_std_sales_report.sql,2735,6f37996a14c2f6655820dc8ba8fde714c2f2ab6e1f585afd0834a9c314de07d3
docs/zoho_query_table_sql/02_std_purchase_report.sql,5045,4087a81cfb0e44d83f6ee00ecc1af84b1d9fbdfd191dddc089f90cc06c5461e2
docs/zoho_query_table_sql/03_std_entry_report.sql,6214,3b0bb42e715da0b0118ca7200983a044fa9f66e57df675d645e1aae358e863d0
docs/zoho_query_table_sql/04_std_inventory_closing_report.sql,4168,7b9e8e5d90027d266ae6f6fe0b6fd4c0ffd00c89383f63868e35889c9b0531e3
docs/zoho_query_table_sql/05_std_menu_master.sql,1055,50a761afc25cbb6f4fbab3cbcc6d11327dd7a3f47982a52e0aba25041a5b2998
docs/zoho_query_table_sql/06_std_vendor_report.sql,865,5ac8e2222faa31f044675ccc1386c8e2e39fba86e0c0023aabd3a5d79e4a09ea
docs/zoho_query_table_sql/07_std_recipe_bom.sql,1149,077e81d1491fe4e5866b486812b7231a5e0a66766e0ca3814f190a2a1929c242
docs/zoho_query_table_sql/08_std_holiday_calendar.sql,725,da280590bf80ad8e52c6ead6d41d9967e4349f3f451b1f98aa9d1f2a46a48d08
docs/zoho_query_table_sql/09_std_manual_events.sql,1078,c42accfcf4b20961daaaa8471204e1e0ebb2c1461e94988f50b5bd4d22ac1859
docs/zoho_query_table_sql/10_std_competitor_pricing.sql,1812,7e7343a4e3cd5feccd6112bd97df9bfdcfd0a7fc4ba3caaa4afae8026a38e776
docs/zoho_query_table_sql/11_dim_date.sql,2061,a0eea970d43052f9c3915113b43fa5e8a0038c91985a85331356c69cf21a37e8
docs/zoho_query_table_sql/12_dim_outlet.sql,706,171f9bf0e16882531eecb16ff848261eb07220e69d2b653974879cc272ff6c7d
docs/zoho_query_table_sql/13_dim_menu_item.sql,1142,7f34f70786ef8f7ec99b7e10d6de39fc03708a3983a3fc17c2f802fa548e6b89
docs/zoho_query_table_sql/14_dim_vendor.sql,1937,ba00b24efcb678dea8020db46d71d95d402ec529f93966f949f8f2b44f07dbf4
docs/zoho_query_table_sql/15_dim_ingredient.sql,2213,5672628ec3486236c3c07a422d83bf2a5a8d2f95fcafbf852f01380c8b6f1cc5
docs/zoho_query_table_sql/16_dim_event.sql,867,1e7aad0ede579628547740a0f4e29cf40e4b2ea86a91e1c93cb20170c05a75c7
docs/zoho_query_table_sql/17_fact_sales.sql,1734,ba7fd518fa965a165df643b1bb27617fbf10bd10962a71c189504708830948b2
docs/zoho_query_table_sql/18_fact_purchase_order.sql,1679,3fa92641bbb60574f60a784826f874c42276bf2a1ecd22ea75336e8fce8482e7
docs/zoho_query_table_sql/19_fact_entry_receipt.sql,1713,b795614756f22b10283313cf2e08d51a417040286768ed861a5813b9555b7fcc
docs/zoho_query_table_sql/20_fact_inventory_closing.sql,1452,83d6e023a6476238a2ec19e1259e6980ef32b2fdef047e1670f112f53fa767f8
docs/zoho_query_table_sql/21_fact_theoretical_consumption.sql,1861,2956bc98a7ac8d3954256f68b2046abb6bad27c93cf86fcb95c25ca193268982
docs/zoho_query_table_sql/22_fact_po_receipt_comparison.sql,2113,7c8cce67db042ff238e51abedc3c5524c1242008a2ea365b31593238edcc3d53
docs/zoho_query_table_sql/23_fact_event_sales_impact.sql,5720,a3b5e7d30a55249547e31d7c04a6b4d1e1661c2c606c1b106c43a10d2b98141a
docs/zoho_query_table_sql/24_fact_competitor_price_position.sql,1751,9f23c1fb215b3caca3c616c76484a6e67d47f8681d466e71144e2b4495efa97c
docs/zoho_query_table_sql/25_fact_outlet_daily_health.sql,4106,267ad9601a8c51ceb0a95614bb6ec73e2ff2c14cfeb57fa470d7281af1be6dd6
docs/zoho_query_table_sql/26_sum_vendor_share.sql,1449,8b744ca411d21525eba1fd7d58f57accc02a11fd1dd9a293099d1cff01d31503
docs/zoho_query_table_sql/27_sum_inventory_risk.sql,2374,64a23488a625706e44c517bbf3817d2d4b74809eee4a2f022bc391f2d0d8aac5
docs/zoho_query_table_sql/28_sum_event_impact.sql,1510,d12d812ff68bd77617e7c476ac93cda253e6b5854ea1e43c0364e501e480f6a6
docs/zoho_query_table_sql/29_sum_competitor_positioning.sql,1530,49f1fa53144b8f8509041e048e846c7881730e327174f9e253f33ef2796561bf
docs/zoho_query_table_sql/30_dim_holiday.sql,694,ea1cb146cccb9bef61a298322ee2df4a1c9bec94f91899080c44e65bf8e30294
docs/zoho_query_table_sql/31_dim_competitor.sql,616,9e895b29395ee5989fc0d34de00ca24469dbe48f0118ba7a20c2175d9acc70ab
docs/zoho_query_table_sql/32_fact_vendor_spend.sql,3196,e4b893ed0f02a02e69275c287a9c0f4d726670b365b0d9439014d87e32bd0f9a
docs/zoho_query_table_sql/33_sum_executive_kpis.sql,1372,3d2ecb50433c3c24ba5459b4e65ea28fbf776a198faddb35d9320dee6de75e33
docs/zoho_query_table_sql/34_sum_outlet_health.sql,1078,835c371c79e9d396195f26e9ef6cc9ebb28a394d9d62b2c80a1fb821b2053149
docs/zoho_query_table_sql/35_sum_sales_category_mix.sql,1113,19509e92b64cfdd9f3d7421e3ef22c8d76a7d2ee2006463f88acd12269f5515d
docs/zoho_query_table_sql/36_sum_menu_item_performance.sql,1672,803821917fdf9cca671dea18dc86990665adb447eeba27a224be83b167557217
docs/zoho_query_table_sql/37_sum_event_markers.sql,1247,30c0b34fc8ca7e475b4a5443523ec88f1d97294d6226e27e8516d88b26b37dc8
docs/zoho_query_table_sql.zip,22179,ca2d29ab94d5a7710ebe9840210f580bb08293d6ce7f3e35f0e509287634df0a
docs/zoho_raw_import_copy_paste_readme.md,17157,c7d7a5a68c46dd5b639a020fca1ca7537d926d9933f077f527d4cfe064f151f5
docs/zoho_zia_training_readme.md,57403,efaf328d51c2bf546201e7e1ad0ca4f6b61d52b8f1e1d54c39bad07c6d20d85c
exports/control_tower_zoho/_CONTROL_TOWER_ACTIVE_IMPORT_MANIFEST.csv,3777,6dd809014e80f0b8088b60075e47bd847909fd5b1b7fe896d498b14b8d496b15
exports/control_tower_zoho/_CONTROL_TOWER_IMPORT_MANIFEST.csv,7614,260f20943b23df54011b1fdbd33cbdde231c1f75596304cd0d6fc4f93b35db8c
exports/control_tower_zoho/_RECONCILIATION_RESULTS.csv,4442,e3c9497f93a73c0548cd330e9625ed4a56f7eb6723813c5ea0fe86adbd77661c
exports/control_tower_zoho/_SYNTHETIC_FIDELITY_REGISTER.csv,5097,b85cce4b84652eeb9ba67b08fab0478aa240da7293394c717dd91d0570b6c439
exports/control_tower_zoho/AUX_Expiry_Estimate.csv,142477,054f6cf111dd1145b74fe3812ce7602b5a66a3da5f77a04c8dcda6dccb074a5d
exports/control_tower_zoho/AUX_Menu_Demand_Forecast.csv,1111199,05d62f9608486ad5a7ac6b6ff4f82f4f4b0fb4077c5c277a95015a8d921e86bd
exports/control_tower_zoho/AUX_Outlet_Master.csv,737,9b7c9f0741c3c165298d422a6f2a09c0b287e950e742123031d32761b665325d
exports/control_tower_zoho/AUX_Theoretical_Consumption.csv,37396,2e2fdcd7eed0613c5e657a494e013559fdcb62dad9799989cfc9161e5ebaf1c0
exports/control_tower_zoho/normalized/RAWN_CT_bill_item_detail.csv,4705364,06093d4f41fbeb5ea047bc51b83a79ed190700ca730657f202c7e1279e04378a
exports/control_tower_zoho/normalized/RAWN_CT_bulk_return.csv,3925,e45b0b0e95bd89616905ca63ba46fb7393e92b936cf31173e711b57fddcea5f4
exports/control_tower_zoho/normalized/RAWN_CT_closing_stock.csv,81581,feab8db8c6295fc099d299360a13e7f35ab0e0391c1cfef4cc9fdb1803bccaa9
exports/control_tower_zoho/normalized/RAWN_CT_enterprise_consumption_detail.csv,135238,cfd0a9c204a55926e34e629887a5ad0f0b8e598b68c982eba2e8f6b33c525117
exports/control_tower_zoho/normalized/RAWN_CT_enterprise_entry.csv,189977,5ab216868e280740ab7405009bf4eee18ca97d71a7e43d5d2affad1fc0f19d69
exports/control_tower_zoho/normalized/RAWN_CT_enterprise_opening.csv,79403,7cf1181576b2a34a16536ac6a1ec6493b49963d37e3fc9a954e570cf29201c35
exports/control_tower_zoho/normalized/RAWN_CT_enterprise_physical.csv,94975,7ea34ac7f2785025e1bf7fc1e60e3a9291b47e66d8ac80bc8830c65c3515f3d4
exports/control_tower_zoho/normalized/RAWN_CT_enterprise_purchase_order.csv,184979,9b377dd9d7e0e3b5e173b8641f55ec4395d4e64e2f7129e498ab1cda63773091
exports/control_tower_zoho/normalized/RAWN_CT_enterprise_reorder.csv,212,4ae13ac372c2206e4c4262406e18fe700c1ea388117c8a54214cda2a7d9013a8
exports/control_tower_zoho/normalized/RAWN_CT_enterprise_stock_return.csv,617,2ccabe74956398e6951b856ed82971de52c4bcff62dbc8b93559c5626fc36910
exports/control_tower_zoho/normalized/RAWN_CT_enterprise_transfer_from.csv,4969,06e891f8f56edfa65c3a4f665f3a399152118d6cddd6399978b8b574eca2865b
exports/control_tower_zoho/normalized/RAWN_CT_enterprise_transfer_to.csv,5209,3bf86c0695db3296a6ca784413357749dd3771e19c30dcee17db74e305ba2a44
exports/control_tower_zoho/normalized/RAWN_CT_enterprise_variance_master.csv,117000,351545cc9fc43e1d7317f506d954c26e59a4365de5455d54c4e40a0109c46d33
exports/control_tower_zoho/normalized/RAWN_CT_enterprise_variance_normal.csv,151953,4670a95bec36952aea589d30a6f6c3d173e3def6d614a64a07b27e4313c6c7c0
exports/control_tower_zoho/normalized/RAWN_CT_enterprise_wastage_normal.csv,24031,5ca5310043f22191bcea87a26f154c6852eab0d188d9906bf71940b5f5b9f570
exports/control_tower_zoho/normalized/RAWN_CT_gross_net_margin.csv,4382598,07b857bff95c675d07d2a258000d1dc6cfae035e24afacf69d8fb5453b9afa43
exports/control_tower_zoho/normalized/RAWN_CT_item_recipe_report.csv,58188,dd9b145004ccdd3b3a77e818b0e6c6e5e24758d336b5affce0c2b0ba4daaddf2
exports/control_tower_zoho/normalized/RAWN_CT_purchase_detail.csv,204339,56b7851d8cb54daa6d6ad767e25319d519221ff8eb8a8332fa351a5448cacd66
exports/control_tower_zoho/normalized/RAWN_CT_recipe_consumption.csv,941820,81381c6981168b11e5786b1fc0e9a50a6cda8eda368400004f5f41400c1fe28e
exports/control_tower_zoho/normalized/RAWN_CT_stock_in_stock_out.csv,8403,af6c86384505794777d1db90247fb64ab5dafab7b4244f2916a6bbbd7fac568d
exports/control_tower_zoho/normalized/RAWN_CT_vendor_report.csv,16917,9baee9e100ce5df1216c1f62cf6109ad9c31d14176fba9282b903f9480931848
exports/control_tower_zoho/RAW_CT_bill_item_detail.csv,3796650,86daf18ce1cc677aafdfe273b949124d5c52493b28b2eb9db6429913452cf42f
exports/control_tower_zoho/RAW_CT_bulk_return.csv,2636,caec4dcf0b26026d9eac640a8610e183996ea13feef14c6ec3c9670cd4222742
exports/control_tower_zoho/RAW_CT_closing_stock.csv,57348,7a8089660abc1d3dc318a94a705b1ee7b7d09bb74493ebc39f6adec439bd1049
exports/control_tower_zoho/RAW_CT_enterprise_consumption_detail.csv,110746,45d1a73f0feaff7f52cf6ee43f86ecb25e17378e10332c42df87e1e23d34d5d6
exports/control_tower_zoho/RAW_CT_enterprise_entry.csv,153371,79a3d73f5c5f924c944194d9d6da24e92defb50d821a1201f19301df73bd3bf4
exports/control_tower_zoho/RAW_CT_enterprise_opening.csv,55167,213f429585e569af841e77e97791ce1e9000695addc1c0c5973a01a77ef4e662
exports/control_tower_zoho/RAW_CT_enterprise_physical.csv,70738,6cfeb14a0563ad374d266386fe69118be69fd2a69b74bb34ec107c794b682d38
exports/control_tower_zoho/RAW_CT_enterprise_purchase_order.csv,145738,bb75417d95219ada821a7a3f5a68e8cab13b8164360de2ec6ff6e989769eee5b
exports/control_tower_zoho/RAW_CT_enterprise_reorder.csv,110,a3f14056449f9f17d81c2f0de67954983e524eeda2ca20a39ef176b5473d0d6a
exports/control_tower_zoho/RAW_CT_enterprise_stock_return.csv,445,dfcc298fa5735bc1336bf843ea899a29fc49233ff366f6224fa89b76d69d140d
exports/control_tower_zoho/RAW_CT_enterprise_transfer_from.csv,3715,3ae2177432ff9a97f33c4abe7befb0c204c3b6080cb9d91452ad269fabc971f3
exports/control_tower_zoho/RAW_CT_enterprise_transfer_to.csv,3987,4d6d6956627109df1a35c37a35ffb9b56035572573c7afc441ab075ba90a107f
exports/control_tower_zoho/RAW_CT_enterprise_variance_master.csv,92767,c425f03cd9344f797ff15c4876d4578857bcb5e20f64cdd54b6acf22bba6664a
exports/control_tower_zoho/RAW_CT_enterprise_variance_normal.csv,127515,f8df70ad352c3191a43961a5bae17010861f5ba1a31274d1430ba42360b00b5d
exports/control_tower_zoho/RAW_CT_enterprise_wastage_normal.csv,17188,76913b665bf6b4cd135b0c645c91932d66df5de2ea22f552b5aac071b37c58b6
exports/control_tower_zoho/RAW_CT_gross_net_margin.csv,3473937,ddee9a1564182d151719f49ff71dac2a97ea15033d1ca0deec66264199e64b09
exports/control_tower_zoho/RAW_CT_item_recipe_report.csv,58152,a2a7321a9778d58e80097d922e79a6dc65f7e492399f706385015df1969c2a77
exports/control_tower_zoho/RAW_CT_purchase_detail.csv,167708,9ae0cdf0b5ddf3f414269e6dbf1a10ce59f86024d04d9b351d754f7214435d8c
exports/control_tower_zoho/RAW_CT_recipe_consumption.csv,536498,43d64f39ca3b0e28a0bc24040679eb797949198921f14565fc15209c4e962525
exports/control_tower_zoho/RAW_CT_stock_in_stock_out.csv,6015,d697a27aeb8a81301a11a1624fca087a811ae6bb00188ab08212b0556795af20
exports/control_tower_zoho/RAW_CT_vendor_report.csv,16905,c4eb9bed1a6ee1b2799f134c7f0cd976ba64e53738cf77fd6ebb9c7a09fa532d
exports/control_tower_zoho/SCHEMA_CAPTURE_CT_Enterprise_Consolidated_Indent.csv,4027,1446a94f9cf2ddf2bb9f0b06d7f828876abc65cbce64471c397e6b525e3c3f15
exports/control_tower_zoho/SCHEMA_CAPTURE_CT_Enterprise_Purchase_Summary.csv,9021,90b98fb0c798b70877b63358a7f1f43d71d48c04c7f1245bbb80ecb68c0b71ff
exports/control_tower_zoho/SCHEMA_CAPTURE_CT_ERP_Vendor_Price.csv,58338,b062a19fe3152fe2fcf32e43368c2444e574ac4eda92293db3f27b4ddeae621e
exports/control_tower_zoho/truth/CONTROL_TOWER_ACCEPTANCE_CHECKS.csv,502,1fe7b372eabe3f757119f24fe07c4fa3dd2ab7f422b9e3df36a94e687a3b88fe
exports/control_tower_zoho/truth/PAGE1_Expiry_Risk_Detail.csv,140856,adb5d3bb79435858fbf686885ca95181b675fe186c5d9d6484853bb91bd4f8dd
exports/control_tower_zoho/truth/PAGE1_Inventory_Risk_Detail.csv,238592,bb5567fe70ed1d81ceb93a2fae1297e8e6fd3f7738d7c00548a028001f5b2b98
exports/control_tower_zoho/truth/PAGE1_Menu_Impact_Detail.csv,126176,55b5ec959daa046a9171e1de1041a097332301a35caf242e665bf6765d7fa9ed
exports/control_tower_zoho/truth/PAGE1_Risk_Action_Truth.csv,4066,6ea42ce292145f7dced6afa683054c706dc538e955cec42d09f6ac7c3907b6d3
exports/control_tower_zoho/truth/PAGE2_Procurement_Vendor_Truth.csv,4215,3d2e0984d2ce4be4316a034fad6bb435954385bff4562eb79e63cfe4382c7753
exports/control_tower_zoho/truth/PAGE2_Vendor_Performance_Detail.csv,248519,c8e017f88a4232cf9d146802c71ffd1290995e00b43214dbb3d64d4553e83ad3
exports/control_tower_zoho/truth/PAGE3_Consumption_Profitability_Truth.csv,3972,78b19fcf1b5f1405a5694b647b590472dd195caccd9c5b5e6a3904da4147db34
exports/control_tower_zoho/truth/PAGE3_Ingredient_Variance_Detail.csv,162065,7fede00976bb0e1c20b990b82e02a9316d7b6a5f1ebe10d45cac620a37eb689f
exports/control_tower_zoho/truth/PAGE3_Menu_Profitability_Detail.csv,144502,54f1faa7c00406b877b628baed74b887a4ac5985d0fb79d2bb89f14708db23be
exports/control_tower_zoho/truth/PAGE4_Data_Quality_Truth.csv,1037,635a97fdea009a4a3fd3436a101d56682e4503100637857457a5799290418a33
exports/control_tower_zoho/truth/PAGE4_Explorer_Data_Quality_Truth.csv,2080,f116d049e9f319c99b8fd7b88ce0d7132dba45c629acc8c6fd8ada21442c9884
exports/current/brand_recipe_consumption.csv,34493,1c56fa9ff4973e62da224a45153b56c6f2df63c67e2e7778d45a3ea275b8825f
exports/current/competitor_pricing.csv,32828,a9dba8ffebf772b59576e050ba0e2d0c537a9a057019e0a61b522f564439c904
exports/current/entry_report.csv,156159,33d243104182ef928c595ed0706612da1e68308ca01421c5cad61865a22fd1d9
exports/current/indian_calendar_holidays.csv,1640,95fdf9d14d335919256096b3e5dac49e16580bb539c982df2dc74f4e1e60598e
exports/current/inventory_closing_report.csv,1685131,029d7d2839ae45b0360abf290e5211cd862f1c4feed696ca125e49d48c0caf78
exports/current/manual_calendar_events.csv,4193,aaea05d7a3196996676451d190d14319cc61530b454ec05316952428ef07b3dd
exports/current/menu_master.csv,25512,bdff0a5527d538ef61aee9b822e065d3b1ada27e01ef90fb7060295930015986
exports/current/purchase_report.csv,148863,55cf7395a689311476f3f45d0590a1b0288c69ba79d12e22b760b6e9ea1d8766
exports/current/sales_report.csv,1906828,de7f05b46119f3488dcee91ad70d0e00f203d936f51421d3877e95637d8c11c2
exports/current/vendor_report.csv,15812,65c30d97fb4ccfd06f86b5dec99e5965fe9795c428a6814d8c35bb9ee3332f68
FINAL_ZOHO_CONTROL_TOWER_IMPLEMENTATION/01_IMPORT_FILES/AUX_Expiry_Estimate.csv,142477,054f6cf111dd1145b74fe3812ce7602b5a66a3da5f77a04c8dcda6dccb074a5d
FINAL_ZOHO_CONTROL_TOWER_IMPLEMENTATION/01_IMPORT_FILES/AUX_Menu_Demand_Forecast.csv,1111199,05d62f9608486ad5a7ac6b6ff4f82f4f4b0fb4077c5c277a95015a8d921e86bd
FINAL_ZOHO_CONTROL_TOWER_IMPLEMENTATION/01_IMPORT_FILES/AUX_Outlet_Master.csv,737,9b7c9f0741c3c165298d422a6f2a09c0b287e950e742123031d32761b665325d
FINAL_ZOHO_CONTROL_TOWER_IMPLEMENTATION/01_IMPORT_FILES/AUX_Theoretical_Consumption.csv,37396,2e2fdcd7eed0613c5e657a494e013559fdcb62dad9799989cfc9161e5ebaf1c0
FINAL_ZOHO_CONTROL_TOWER_IMPLEMENTATION/01_IMPORT_FILES/IMPORT_CHECKLIST.csv,1696,cb2c10266f8ad74dbc019422af18fcb3aa4beac9ee0b18a42695dff213917239
FINAL_ZOHO_CONTROL_TOWER_IMPLEMENTATION/01_IMPORT_FILES/RAWN_CT_closing_stock.csv,81581,feab8db8c6295fc099d299360a13e7f35ab0e0391c1cfef4cc9fdb1803bccaa9
FINAL_ZOHO_CONTROL_TOWER_IMPLEMENTATION/01_IMPORT_FILES/RAWN_CT_enterprise_entry.csv,189977,5ab216868e280740ab7405009bf4eee18ca97d71a7e43d5d2affad1fc0f19d69
FINAL_ZOHO_CONTROL_TOWER_IMPLEMENTATION/01_IMPORT_FILES/RAWN_CT_enterprise_purchase_order.csv,184979,9b377dd9d7e0e3b5e173b8641f55ec4395d4e64e2f7129e498ab1cda63773091
FINAL_ZOHO_CONTROL_TOWER_IMPLEMENTATION/01_IMPORT_FILES/RAWN_CT_enterprise_transfer_from.csv,4969,06e891f8f56edfa65c3a4f665f3a399152118d6cddd6399978b8b574eca2865b
FINAL_ZOHO_CONTROL_TOWER_IMPLEMENTATION/01_IMPORT_FILES/RAWN_CT_enterprise_transfer_to.csv,5209,3bf86c0695db3296a6ca784413357749dd3771e19c30dcee17db74e305ba2a44
FINAL_ZOHO_CONTROL_TOWER_IMPLEMENTATION/01_IMPORT_FILES/RAWN_CT_enterprise_variance_normal.csv,151953,4670a95bec36952aea589d30a6f6c3d173e3def6d614a64a07b27e4313c6c7c0
FINAL_ZOHO_CONTROL_TOWER_IMPLEMENTATION/01_IMPORT_FILES/RAWN_CT_enterprise_wastage_normal.csv,24031,5ca5310043f22191bcea87a26f154c6852eab0d188d9906bf71940b5f5b9f570
FINAL_ZOHO_CONTROL_TOWER_IMPLEMENTATION/01_IMPORT_FILES/RAWN_CT_gross_net_margin.csv,4382598,07b857bff95c675d07d2a258000d1dc6cfae035e24afacf69d8fb5453b9afa43
FINAL_ZOHO_CONTROL_TOWER_IMPLEMENTATION/01_IMPORT_FILES/RAWN_CT_item_recipe_report.csv,58188,dd9b145004ccdd3b3a77e818b0e6c6e5e24758d336b5affce0c2b0ba4daaddf2
FINAL_ZOHO_CONTROL_TOWER_IMPLEMENTATION/01_IMPORT_FILES/RAWN_CT_vendor_report.csv,16917,9baee9e100ce5df1216c1f62cf6109ad9c31d14176fba9282b903f9480931848
FINAL_ZOHO_CONTROL_TOWER_IMPLEMENTATION/02_QUERY_TABLES/01_std_ct_sales_item.sql,1446,53151a7e2490f23a7e4391563581c4002201659fe2a0e7007d0473f4d93a0083
FINAL_ZOHO_CONTROL_TOWER_IMPLEMENTATION/02_QUERY_TABLES/02_std_ct_recipe.sql,806,c55841b8a98d77bfb8b40c64afbd6173dfdb759a5edcb0a85ee667dd1d73f714
FINAL_ZOHO_CONTROL_TOWER_IMPLEMENTATION/02_QUERY_TABLES/03_std_ct_theoretical_consumption.sql,873,68be296356a47c8b9f3c9055c89c3212b49a240fd9778167ce2f556b88306055
FINAL_ZOHO_CONTROL_TOWER_IMPLEMENTATION/02_QUERY_TABLES/04_std_ct_inventory_period.sql,1692,943b3bedb943a9a11be60f586aa2a79f1751d04c121d24b0d6f5b9166eba1091
FINAL_ZOHO_CONTROL_TOWER_IMPLEMENTATION/02_QUERY_TABLES/05_std_ct_inventory_snapshot.sql,1027,689a88bbbeec65a230b01da696f0bbd1144ecc590e7d6ff2af7c507e4a524fc5
FINAL_ZOHO_CONTROL_TOWER_IMPLEMENTATION/02_QUERY_TABLES/06_std_ct_inventory_movement.sql,2416,a6bae3112afc97a1941c22ad28b2d6585e00e846de57bdea64699d0ce10a61e8
FINAL_ZOHO_CONTROL_TOWER_IMPLEMENTATION/02_QUERY_TABLES/07_std_ct_purchase_order.sql,1761,371a72c2d49d144f08063c00c8b00fd3a6b3577bdece7dad4e7ef96d8f42c0ce
FINAL_ZOHO_CONTROL_TOWER_IMPLEMENTATION/02_QUERY_TABLES/08_std_ct_purchase_receipt.sql,1354,073ed6d33251e6bddd5cbf501b2d1bb58e05c701446bdb3ba68880ea5d29e3cb
FINAL_ZOHO_CONTROL_TOWER_IMPLEMENTATION/02_QUERY_TABLES/09_std_ct_wastage.sql,1050,8b8c6f4090ec86d05622a573941ca055d1430f8ef92645ae42f4bf5e34342a7f
FINAL_ZOHO_CONTROL_TOWER_IMPLEMENTATION/02_QUERY_TABLES/10_std_ct_vendor_report.sql,1010,d0bda80115295847194a2dd045cd049565be28bff0fea198890dc44eed95fdfa
FINAL_ZOHO_CONTROL_TOWER_IMPLEMENTATION/02_QUERY_TABLES/11_std_ct_menu_forecast.sql,926,5dea08a79957585f12d4f53612f28ca575e54eddb709b745a088bdd7d5e3e301
FINAL_ZOHO_CONTROL_TOWER_IMPLEMENTATION/02_QUERY_TABLES/12_dim_ct_date.sql,670,f26b49f8f0f14404a069de4eb30bd672eb9c4ad69664c4a95c3dc8a445bac850
FINAL_ZOHO_CONTROL_TOWER_IMPLEMENTATION/02_QUERY_TABLES/13_dim_ct_outlet.sql,734,0defefbd91c483c6e2196e82b1b8d90efa092a3ec903bfcb773bb049759263b4
FINAL_ZOHO_CONTROL_TOWER_IMPLEMENTATION/02_QUERY_TABLES/14_dim_ct_item.sql,1256,aa008da268a6d97b7e6cade7ca245da036ba1e449095fe341d1765c0440ee4b0
FINAL_ZOHO_CONTROL_TOWER_IMPLEMENTATION/02_QUERY_TABLES/15_dim_ct_menu_item.sql,597,b56a3043e64fa226acf5b500f0f882d4f08bf8f606fefa2c47f96654055333cc
FINAL_ZOHO_CONTROL_TOWER_IMPLEMENTATION/02_QUERY_TABLES/16_dim_ct_vendor.sql,1912,fad76711468544843de96bb3fb9350a5f9c06cef08a474291adc21c447c432fd
FINAL_ZOHO_CONTROL_TOWER_IMPLEMENTATION/02_QUERY_TABLES/17_dim_ct_recipe_effective.sql,1894,29f80f9e1d02a8ce0d176af34db935abcfa84fe77b50a56cb8619443d36da46d
FINAL_ZOHO_CONTROL_TOWER_IMPLEMENTATION/02_QUERY_TABLES/18_fact_ct_sales.sql,443,74a71dc027078653e446f9a671783661ce901911f4ed88f3183b772d30b7d348
FINAL_ZOHO_CONTROL_TOWER_IMPLEMENTATION/02_QUERY_TABLES/19_fact_ct_theoretical_consumption.sql,491,2856ae0c1bb92297cb8ab5ef37c0812f1b41f60655d217a96b8f3550b14a43fe
FINAL_ZOHO_CONTROL_TOWER_IMPLEMENTATION/02_QUERY_TABLES/20_fact_ct_actual_consumption.sql,792,30e03e17cd2b7f99718583176f0d96d9dccfd3f4715691ccef7df20e7d2a91cd
FINAL_ZOHO_CONTROL_TOWER_IMPLEMENTATION/02_QUERY_TABLES/21_fact_ct_consumption_variance.sql,1791,fb22de9721493da4ca0c8b4ba6912ce91998478541ff67b102695738577a56d1
FINAL_ZOHO_CONTROL_TOWER_IMPLEMENTATION/02_QUERY_TABLES/22_fact_ct_purchase_order.sql,756,71b761b3f62d3dfa7d34743953e2cd63653f5bc90d0a95b4857df6f888ec6bcf
FINAL_ZOHO_CONTROL_TOWER_IMPLEMENTATION/02_QUERY_TABLES/23_fact_ct_purchase_receipt.sql,334,13261dc73ed71bd645cd172e34af42803ea992097b283c8d5949f7a319c315ce
FINAL_ZOHO_CONTROL_TOWER_IMPLEMENTATION/02_QUERY_TABLES/24_fact_ct_po_receipt_line.sql,3398,e8709cd50895f99a09db2d547c8a9d6a65fce9268f6ccf6bb116193711955d58
FINAL_ZOHO_CONTROL_TOWER_IMPLEMENTATION/02_QUERY_TABLES/25_fact_ct_menu_profitability.sql,1791,89fd30f3e497d6152acf1c4bb66bfebf729870c7d5ee9a560572bfed7dee3bfc
FINAL_ZOHO_CONTROL_TOWER_IMPLEMENTATION/02_QUERY_TABLES/26_fact_ct_forecast_ingredient_demand.sql,1134,2d3bb3ca2fa058f7c15d85a396a2b9a74c6ec212444cfe8774a4069d759f5490
FINAL_ZOHO_CONTROL_TOWER_IMPLEMENTATION/02_QUERY_TABLES/27_fact_ct_inventory_risk.sql,6672,f28342b36697b55cc03b8144de5cc4d2a051dc5b167c9b4cdcae912b1cb78f89
FINAL_ZOHO_CONTROL_TOWER_IMPLEMENTATION/02_QUERY_TABLES/28_fact_ct_menu_impact.sql,4315,a5cd08d7f28678e43da6f1ed428fdd8ea3528cdabfd96eb61f77f133e37c20df
FINAL_ZOHO_CONTROL_TOWER_IMPLEMENTATION/02_QUERY_TABLES/29_sum_ct_procurement_funnel.sql,1026,1d528bb266cf840ce53d5a26bf1f347474d752cbde0776a6a6e55e9d87f7a4f5
FINAL_ZOHO_CONTROL_TOWER_IMPLEMENTATION/02_QUERY_TABLES/30_sum_ct_vendor_scorecard.sql,1353,0c28253e25e188198922e59021f7d93637276117180be5f368fb6f6ab97be384
FINAL_ZOHO_CONTROL_TOWER_IMPLEMENTATION/02_QUERY_TABLES/31_sum_ct_price_movement.sql,2300,9ad3d62afd5d71ff560d37161c4332ff974c6fdb1fd0fe256fdda2c62677f403
FINAL_ZOHO_CONTROL_TOWER_IMPLEMENTATION/02_QUERY_TABLES/32_sum_ct_menu_profitability.sql,693,a9f843ff9efbf1fa1df5eaee01c237f1833c22b1c0a6621f1b514cefd459171a
FINAL_ZOHO_CONTROL_TOWER_IMPLEMENTATION/02_QUERY_TABLES/33_sum_ct_scm_monthly.sql,2449,0883c5b6d8e581f6fdf02225b3af575ace02a3a384fbd7d107330e7c72648963
FINAL_ZOHO_CONTROL_TOWER_IMPLEMENTATION/02_QUERY_TABLES/34_fact_ct_data_quality_exception.sql,7356,610f1cf87167d156b7fafb1ccb9a085bc2db2d04655c4f4cb8fa1dbd4e9e9b65
FINAL_ZOHO_CONTROL_TOWER_IMPLEMENTATION/02_QUERY_TABLES/35_sum_ct_financial_leakage.sql,653,52a47424ff6d0a8b615270807101b042f8910ae6b151fd0e6551dc8c58568a1f
FINAL_ZOHO_CONTROL_TOWER_IMPLEMENTATION/02_QUERY_TABLES/36_fact_ct_risky_po.sql,2419,358dd12cecb938b58603304f39f599d57a9c94f9593aa7f75bf0a533fc6d1aac
FINAL_ZOHO_CONTROL_TOWER_IMPLEMENTATION/02_QUERY_TABLES/37_dim_ct_outlet_enriched.sql,1512,5aa74235435f485b040ea966de1ebacfb9da33ea0d51c4a81fe91ca4da83ad8f
FINAL_ZOHO_CONTROL_TOWER_IMPLEMENTATION/02_QUERY_TABLES/38_fact_ct_expiry_risk.sql,3093,76939d54faf370cffd131c36fc355611b1d5b7a394bc7261972d7e003a20745e
FINAL_ZOHO_CONTROL_TOWER_IMPLEMENTATION/02_QUERY_TABLES/QUERY_BUILD_CHECKLIST.csv,9070,4318970d062dfcd4d7f840d7aafe54f7f07ea2a992eb447acd27896bd9663e35
FINAL_ZOHO_CONTROL_TOWER_IMPLEMENTATION/02_QUERY_TABLES/QUERY_TABLE_MANIFEST.csv,8359,a99b356fbbba1a0abed2304f21b01549796ff426479dd90a3a952b8b060fd27a
FINAL_ZOHO_CONTROL_TOWER_IMPLEMENTATION/02_QUERY_TABLES/README.md,2025,760961a77d8d4b5283c41a516fb795f6e6aea043cba63f1ee6589a87c56cd516
FINAL_ZOHO_CONTROL_TOWER_IMPLEMENTATION/03_ZOHO_INSTRUCTIONS/01_EXECUTION_RUNBOOK.md,14883,fd049de5feed1400c6219ad7b8b729349f28bf3bf0d5dda6957268ceef913495
FINAL_ZOHO_CONTROL_TOWER_IMPLEMENTATION/03_ZOHO_INSTRUCTIONS/02_IMPORT_PROCEDURE.md,7598,17e95f3c919caae5ea243606d851f4b6e4839db0df9731784c97b1df05dc3c6b
FINAL_ZOHO_CONTROL_TOWER_IMPLEMENTATION/03_ZOHO_INSTRUCTIONS/03_QUERY_TABLE_BUILD.md,14041,5553856478c236c0c8631d5a93e195e4efe9c26e7458d90603a34af9da093215
FINAL_ZOHO_CONTROL_TOWER_IMPLEMENTATION/03_ZOHO_INSTRUCTIONS/03A_LOOKUPS_FORMULAS_AND_PRE_DASHBOARD_SETUP.md,33223,61dcc535ff3ec31c64a5fb494b33c6c6fa5a8b6a7051c8c87159f4fdc2eb29cb
FINAL_ZOHO_CONTROL_TOWER_IMPLEMENTATION/03_ZOHO_INSTRUCTIONS/04_DASHBOARD_BUILD.md,26461,2105aa858367f183e2cc7dc8f99d1faf4fb49655f069bc8d69c96108ddcc48c2
FINAL_ZOHO_CONTROL_TOWER_IMPLEMENTATION/03_ZOHO_INSTRUCTIONS/05_ASK_ZIA_SETUP.md,7242,7c34d476fe59ec799dab42a2287385fe8b2cf7a652f24ec878a610d73d461f31
FINAL_ZOHO_CONTROL_TOWER_IMPLEMENTATION/03_ZOHO_INSTRUCTIONS/06_VALIDATION_AND_PUBLICATION.md,8862,18ea2cec8f35680103acfc33ba98e474886e2a42d4ef6f6534b0113f6a695341
FINAL_ZOHO_CONTROL_TOWER_IMPLEMENTATION/04_VALIDATION_AND_LIMITATIONS/_CONTROL_TOWER_ACTIVE_IMPORT_MANIFEST.csv,3777,6dd809014e80f0b8088b60075e47bd847909fd5b1b7fe896d498b14b8d496b15
FINAL_ZOHO_CONTROL_TOWER_IMPLEMENTATION/04_VALIDATION_AND_LIMITATIONS/_RECONCILIATION_RESULTS.csv,4442,e3c9497f93a73c0548cd330e9625ed4a56f7eb6723813c5ea0fe86adbd77661c
FINAL_ZOHO_CONTROL_TOWER_IMPLEMENTATION/04_VALIDATION_AND_LIMITATIONS/_SYNTHETIC_FIDELITY_REGISTER.csv,5097,b85cce4b84652eeb9ba67b08fab0478aa240da7293394c717dd91d0570b6c439
FINAL_ZOHO_CONTROL_TOWER_IMPLEMENTATION/04_VALIDATION_AND_LIMITATIONS/ACTUAL_CSV_SEMANTIC_REASSESSMENT.md,4448,000e0f449793fe4d033955d3554d62fb5a295b60c8a30dfa29596175734734f0
FINAL_ZOHO_CONTROL_TOWER_IMPLEMENTATION/04_VALIDATION_AND_LIMITATIONS/PRESENTATION_ISSUES.md,3938,4475b0f4a6894f4e10ba7cf17f2c34c944f47303720d4504fd7cb9648c586e14
FINAL_ZOHO_CONTROL_TOWER_IMPLEMENTATION/04_VALIDATION_AND_LIMITATIONS/SOURCE_FEASIBILITY_AND_LIMITATIONS.md,5742,611985c3f004393f23a5d56bce9ac9256435202b471b9b8c91e06eb62deb47e5
FINAL_ZOHO_CONTROL_TOWER_IMPLEMENTATION/04_VALIDATION_AND_LIMITATIONS/SOURCE_KPI_MATRIX.csv,7336,18ed3f96ad0218fbf526eea61c8138b0839607da721f27995314b353db717302
FINAL_ZOHO_CONTROL_TOWER_IMPLEMENTATION/04_VALIDATION_AND_LIMITATIONS/SYNTHETIC_FIDELITY.md,8322,35b05f138f0ba2c4ceb2afd6b93fe81749a0e7c7388a3805e8acfb3bad506f69
FINAL_ZOHO_CONTROL_TOWER_IMPLEMENTATION/04_VALIDATION_AND_LIMITATIONS/SYNTHETIC_VALIDATION.md,7766,d6f919e7699898ca42088f35bd13ce1c49d4c61a6835051b961920c3c47f1439
FINAL_ZOHO_CONTROL_TOWER_IMPLEMENTATION/04_VALIDATION_AND_LIMITATIONS/TRUTH_PACK/CONTROL_TOWER_ACCEPTANCE_CHECKS.csv,502,1fe7b372eabe3f757119f24fe07c4fa3dd2ab7f422b9e3df36a94e687a3b88fe
FINAL_ZOHO_CONTROL_TOWER_IMPLEMENTATION/04_VALIDATION_AND_LIMITATIONS/TRUTH_PACK/PAGE1_Expiry_Risk_Detail.csv,140856,adb5d3bb79435858fbf686885ca95181b675fe186c5d9d6484853bb91bd4f8dd
FINAL_ZOHO_CONTROL_TOWER_IMPLEMENTATION/04_VALIDATION_AND_LIMITATIONS/TRUTH_PACK/PAGE1_Inventory_Risk_Detail.csv,238592,bb5567fe70ed1d81ceb93a2fae1297e8e6fd3f7738d7c00548a028001f5b2b98
FINAL_ZOHO_CONTROL_TOWER_IMPLEMENTATION/04_VALIDATION_AND_LIMITATIONS/TRUTH_PACK/PAGE1_Menu_Impact_Detail.csv,126176,55b5ec959daa046a9171e1de1041a097332301a35caf242e665bf6765d7fa9ed
FINAL_ZOHO_CONTROL_TOWER_IMPLEMENTATION/04_VALIDATION_AND_LIMITATIONS/TRUTH_PACK/PAGE1_Risk_Action_Truth.csv,4066,6ea42ce292145f7dced6afa683054c706dc538e955cec42d09f6ac7c3907b6d3
FINAL_ZOHO_CONTROL_TOWER_IMPLEMENTATION/04_VALIDATION_AND_LIMITATIONS/TRUTH_PACK/PAGE2_Procurement_Vendor_Truth.csv,4215,3d2e0984d2ce4be4316a034fad6bb435954385bff4562eb79e63cfe4382c7753
FINAL_ZOHO_CONTROL_TOWER_IMPLEMENTATION/04_VALIDATION_AND_LIMITATIONS/TRUTH_PACK/PAGE2_Vendor_Performance_Detail.csv,248519,c8e017f88a4232cf9d146802c71ffd1290995e00b43214dbb3d64d4553e83ad3
FINAL_ZOHO_CONTROL_TOWER_IMPLEMENTATION/04_VALIDATION_AND_LIMITATIONS/TRUTH_PACK/PAGE3_Consumption_Profitability_Truth.csv,3972,78b19fcf1b5f1405a5694b647b590472dd195caccd9c5b5e6a3904da4147db34
FINAL_ZOHO_CONTROL_TOWER_IMPLEMENTATION/04_VALIDATION_AND_LIMITATIONS/TRUTH_PACK/PAGE3_Ingredient_Variance_Detail.csv,162065,7fede00976bb0e1c20b990b82e02a9316d7b6a5f1ebe10d45cac620a37eb689f
FINAL_ZOHO_CONTROL_TOWER_IMPLEMENTATION/04_VALIDATION_AND_LIMITATIONS/TRUTH_PACK/PAGE3_Menu_Profitability_Detail.csv,144502,54f1faa7c00406b877b628baed74b887a4ac5985d0fb79d2bb89f14708db23be
FINAL_ZOHO_CONTROL_TOWER_IMPLEMENTATION/04_VALIDATION_AND_LIMITATIONS/TRUTH_PACK/PAGE4_Data_Quality_Truth.csv,1037,635a97fdea009a4a3fd3436a101d56682e4503100637857457a5799290418a33
FINAL_ZOHO_CONTROL_TOWER_IMPLEMENTATION/04_VALIDATION_AND_LIMITATIONS/TRUTH_PACK/PAGE4_Explorer_Data_Quality_Truth.csv,2080,f116d049e9f319c99b8fd7b88ce0d7132dba45c629acc8c6fd8ada21442c9884
FINAL_ZOHO_CONTROL_TOWER_IMPLEMENTATION/04_VALIDATION_AND_LIMITATIONS/TRUTH_REFERENCE.md,3786,33732a2f4e6e93b7ffb701fbe2d7f62a71c9ad1d710f1b89151960e765b33f1e
FINAL_ZOHO_CONTROL_TOWER_IMPLEMENTATION/04_VALIDATION_AND_LIMITATIONS/VENDOR_LAST_5_PURCHASE_PRICE_ASSESSMENT.md,2793,371fc4d827b7fa0b3911cd1925256796d7c05a844652af8d40aca279b357f6da
FINAL_ZOHO_CONTROL_TOWER_IMPLEMENTATION/05_DEVELOPER_HANDOFF/MODEL_OVERVIEW.md,8619,24e637691ff91b1b4b2b5c1bfc92cc5d09af8bd755836334f787ddc66e0eb6bb
FINAL_ZOHO_CONTROL_TOWER_IMPLEMENTATION/05_DEVELOPER_HANDOFF/SOURCE_CONTRACTS/bill_item_detail.json,5171,9ddb4270900f384ebc27938dfe273769ebe80e8192a5b2d341537ec473ed5557
FINAL_ZOHO_CONTROL_TOWER_IMPLEMENTATION/05_DEVELOPER_HANDOFF/SOURCE_CONTRACTS/bulk_return.json,1642,a4a042a5af07261db4097a4119ccb58119d04bb79028747f48b0a0a728b875ce
FINAL_ZOHO_CONTROL_TOWER_IMPLEMENTATION/05_DEVELOPER_HANDOFF/SOURCE_CONTRACTS/closing_stock.json,2294,17dc74cac942cc73597e9eccc23f37683ea86429449214995d7f12a80ad29e51
FINAL_ZOHO_CONTROL_TOWER_IMPLEMENTATION/05_DEVELOPER_HANDOFF/SOURCE_CONTRACTS/enterprise_consumption_detail.json,6223,4a2aa9919a9474bed038f144c6e545e26d452afdcad5b02b87e7c4f3c0128445
FINAL_ZOHO_CONTROL_TOWER_IMPLEMENTATION/05_DEVELOPER_HANDOFF/SOURCE_CONTRACTS/enterprise_entry.json,4586,d993a1831b408aa006816aeacc4563c42e407039c0139dc11d3a32fd34089c2a
FINAL_ZOHO_CONTROL_TOWER_IMPLEMENTATION/05_DEVELOPER_HANDOFF/SOURCE_CONTRACTS/enterprise_opening.json,2315,4fac2b85dbe118a46a7e8f5b87bfa5146aabcb16dc039b2a57afb667fd308266
FINAL_ZOHO_CONTROL_TOWER_IMPLEMENTATION/05_DEVELOPER_HANDOFF/SOURCE_CONTRACTS/enterprise_physical.json,2376,3d9a34517b07c0277e0e0d62f13968d88223712644b9142daa2bd6898080912e
FINAL_ZOHO_CONTROL_TOWER_IMPLEMENTATION/05_DEVELOPER_HANDOFF/SOURCE_CONTRACTS/enterprise_purchase_order.json,5308,ec89951f5b83e0188eb2b2a7aadd972d5a6f1eef325a325327a05fd3cc8410db
FINAL_ZOHO_CONTROL_TOWER_IMPLEMENTATION/05_DEVELOPER_HANDOFF/SOURCE_CONTRACTS/enterprise_reorder.json,1846,6f23276a6c4b80d146ba73e5e86419335e6677fef50e5f6626ccd0a5cc1deaca
FINAL_ZOHO_CONTROL_TOWER_IMPLEMENTATION/05_DEVELOPER_HANDOFF/SOURCE_CONTRACTS/enterprise_stock_return.json,5965,eae11e1b6baf663008827ffcf901e27faaaade38f91db03d3edf00b3592c73b2
FINAL_ZOHO_CONTROL_TOWER_IMPLEMENTATION/05_DEVELOPER_HANDOFF/SOURCE_CONTRACTS/enterprise_transfer_from.json,2653,df935c96fd538909a55272e0611a7d036c3f0cd6bf18c6747438a59ec7d6592c
FINAL_ZOHO_CONTROL_TOWER_IMPLEMENTATION/05_DEVELOPER_HANDOFF/SOURCE_CONTRACTS/enterprise_transfer_to.json,2439,ba2d4df551fb06318549ae31c8dbc98ba04368faec899351026e44c1e826f6c2
FINAL_ZOHO_CONTROL_TOWER_IMPLEMENTATION/05_DEVELOPER_HANDOFF/SOURCE_CONTRACTS/enterprise_variance_master.json,4520,9d38385812f7a2cc9511fbfdef9e764ef1db0b8aa524090dd9a4b8a405442b42
FINAL_ZOHO_CONTROL_TOWER_IMPLEMENTATION/05_DEVELOPER_HANDOFF/SOURCE_CONTRACTS/enterprise_variance_normal.json,5002,890b1fa59b1ea3d2d123837e08ea13fc528de50ba93185f118868e31cc4c4a08
FINAL_ZOHO_CONTROL_TOWER_IMPLEMENTATION/05_DEVELOPER_HANDOFF/SOURCE_CONTRACTS/enterprise_wastage_normal.json,2472,d1167c6431230c95370487c89924a31560b3ad1806ab45bbbefb08f3c9cfd8aa
FINAL_ZOHO_CONTROL_TOWER_IMPLEMENTATION/05_DEVELOPER_HANDOFF/SOURCE_CONTRACTS/gross_net_margin.json,5953,2686da7d0f80985617aa1a1b96ea9fc5e125ec73bea99c03445b29704838053b
FINAL_ZOHO_CONTROL_TOWER_IMPLEMENTATION/05_DEVELOPER_HANDOFF/SOURCE_CONTRACTS/item_recipe_report.json,1962,945ddc083a5e8008a285ca3cc2d1250d0266e0651c9bc86324bdd7ca4806a571
FINAL_ZOHO_CONTROL_TOWER_IMPLEMENTATION/05_DEVELOPER_HANDOFF/SOURCE_CONTRACTS/purchase_detail.json,5177,0a7e41ec12f256f14cafa7f0ce48e72a8fead0857a9d73f02da218e71a654540
FINAL_ZOHO_CONTROL_TOWER_IMPLEMENTATION/05_DEVELOPER_HANDOFF/SOURCE_CONTRACTS/recipe_consumption.json,2567,0f858a884edbe405e2fd1032660a4543488048a09667929864ab64f8cedb49b4
FINAL_ZOHO_CONTROL_TOWER_IMPLEMENTATION/05_DEVELOPER_HANDOFF/SOURCE_CONTRACTS/stock_in_stock_out.json,2862,bcc6b9d6a0d8d2ff9b66cbb9257d1fdd7111eb84c4ed13295f7a95546e42a003
FINAL_ZOHO_CONTROL_TOWER_IMPLEMENTATION/05_DEVELOPER_HANDOFF/SOURCE_CONTRACTS/vendor_report.json,2546,7033945a366a4f47cf7275ce455bab5165e16d99057e45cefffadcfc90b668b3
FINAL_ZOHO_CONTROL_TOWER_IMPLEMENTATION/05_DEVELOPER_HANDOFF/SYNTHETIC_FIDELITY.json,108050,6801e0b4ba6a04de9e2bb2f1a4a543986bd1f7eb213b9582e3684868240b8228
FINAL_ZOHO_CONTROL_TOWER_IMPLEMENTATION/IMPLEMENTATION_STATUS.md,1351,1bbb9d867048f948680df5b2ee63ef930c97acd1c7c15cc73927f61e9369a7fc
FINAL_ZOHO_CONTROL_TOWER_IMPLEMENTATION/PACKAGE_MANIFEST.csv,24183,961d278fdb75590d05aaea1cc8cff26eb92242e3ba0fa432280a737a5b80d612
FINAL_ZOHO_CONTROL_TOWER_IMPLEMENTATION/START_HERE.md,4338,eba2904aac082640122b1df700361a88c0f2b39ee5260091377281e329ab2746
FINAL_ZOHO_CONTROL_TOWER_IMPLEMENTATION/VERIFY_PACKAGE.ps1,3487,bdf13cb9bf9e5e68dfb22db44d0e7209c66fc82921e8fe4446b8261d60223720
generator/__init__.py,55,10c642fc0070d8562ae072812b33bbf96cf64fed54f52dfcad916d57a94762e6
generator/bom.py,9144,0391fb91ac99263873441905e560236838a810c491612d10beb0b5cb75664004
generator/competitors.py,3561,abfc289f547d36ad23f09aeb4c5184c0320803243ee4a8696048cc6d01bc4f2a
generator/config.py,2139,e8d0f1a9d9ae9c7a3532de4ece86f866090616cd7c68852a5ac372faca425aaf
generator/control_tower.py,117017,6b22e5a7e138b45ffce3eaef01f4c777e9b00c8132127ba09d2c5ff9bfab6614
generator/entry.py,3167,19a44dc491303b8df4c69166d05d78a97c0fb443973d5b1125e726eeddf156dc
generator/events.py,6605,5b6d88b2712849e631bf76351be43ddbe7eee6070a11bcf4db6e0a4ff3690eff
generator/generate_all.py,13497,d8bb97a59ce4fe814c3bad608c5424c0ad5fb276e787baa773389ecb48800e86
generator/holidays.py,2151,8a9348b169f1f272376d3451999553f0baf9fbc27330d0a1871982fb95d442de
generator/ingredients.py,6340,330eddc79f243eed54b8fd3929d06d932b4d6bedd586edaa5752b0b3012a3ea2
generator/inventory.py,5807,509b1eb7abf1aa62981678e07105284fb7b2380b91ad7dda1fe08aafdb0f2bc6
generator/menu_master.py,6909,13ae621588679ffcc491acf494fdfd97229a60e709e5ae091fc7096d470f0ad0
generator/outlets.py,1062,12cb4f1ed88aff5cd2782126d46199ec131fbab24c7a7f6215ef83c9f97e55c5
generator/purchase.py,5096,566f705d20a197641758226dd2f4ef866157f1175828e71e47814ebfe1ac8e64
generator/sales.py,7086,7acbd9898878e478a736f9855f2d7076b3ea0b355f9192347bcb4420352ea531
generator/vendor_master.py,5461,95596ad97eef870b6dda872fa2c5209dfca7c42d6621f4ed72fd55356e10cabe
loaders/__init__.py,63,cd3e7b2388b1ed1e2df3502a34a66860129ea87979ed0ec67cbae3fd15aed596
loaders/check_database_state.py,2045,bd284c5b5478e222e94a89fbc9159dfa53fbabe88d04acde096999ae6fd26e19
loaders/create_schema.py,174,1a94c1380dbcfb9209376526289047b0424200478620015518bd5e1d5988277b
loaders/db.py,6020,66d9261701d1216697e0bd366472b8b9d8e32671b1b1af1ea6b5590ca186332e
loaders/delete_month.py,2045,d2deb740932dc2e6249370f39efe2f0d567206abcb165c54ce9419cda56b6184
loaders/export_csv.py,985,f51b88ee729e8b6df02bf8384847f6450f106c56bdf3016f180b9797a9d1b9d3
loaders/export_current_csv.py,155,5e6c61f3885336391042fbe2da326a0eb2688885bc019268b44c0659cb9d5bae
loaders/load_month.py,5782,b60fd6ba6d42ed03eea8052fbf545170017ce23279565215f1e64f059e256806
loaders/load_month_2.py,180,bd3c6059203da2e3e8bf9fdb45fc53d7377c6266cc4ee20a38c89b07362a211d
loaders/load_month_3.py,180,c346f5d310d38cdf3e90ec37f4b21c21796a59460c2f2f664a59c0c0c816d9c7
loaders/load_static.py,760,65afeaf23948a87a49a5b5c0d4bd78cc9349ab5e092321770b0d985fc0cbed60
loaders/reset_and_load_month_1.py,242,67f047db89eef947de3255a3cfe5a7987b09be98d8fd7e1964a6b625d9850b3c
loaders/schema.py,9490,2b95a826e4c9be400e2eaad918ccbd081f36578616af2b9d7546607b6adf073b
loaders/status.py,3290,6398aa7e027f3c669cfc149765a25758773a8b5c87a3263df7d0dae60204b57d
local_data_auditor/audit.py,24807,0adc68304e37fc542ca52313e66b8b93aee28835be46c4cc3b7a865efafa6734
local_data_auditor/business_review.py,61431,87c94d56033f96f69685d914101f82fdaf5047581ef7f35974c793fd416a005f
local_data_auditor/contracts/bill_item_detail.json,5295,261c59847b837828184766bf3e73bd075fef7bce3b5e7060d0fb5a76a6d2f908
local_data_auditor/contracts/bulk_return.json,1679,b6e708e26e3c3a1c0f40c9ea191ab045ce0f01ee5717fe1c4a642854995ace4d
local_data_auditor/contracts/closing_stock.json,2350,225af7187179e3ddbb7985e7a4bfd496e5559ed82ec2030d5c2c2a7013ed684c
local_data_auditor/contracts/enterprise_consumption_detail.json,6348,7eb05c2d96bdf7c7c74df11fefd0027c7742a95932a9782cff230a4dd9d1ec40
local_data_auditor/contracts/enterprise_entry.json,4694,961d9258b6761bf095cd4d61ef199852a225eba9b727da6a18f36aa952e3298e
local_data_auditor/contracts/enterprise_opening.json,2371,5a5c5bec9590dfc9326632625231410eafada2359cfd64455b7ca0be491afd49
local_data_auditor/contracts/enterprise_physical.json,2433,e692ca830794321c43ed8b6e3b78bb65bacbcc2ade6580e3ca7dff12dab7a52c
local_data_auditor/contracts/enterprise_purchase_order.json,5439,8ba9d7a34ac17b6d9b8ab445f38150781f4685ca65b0f704d1daa7f6389cdf3c
local_data_auditor/contracts/enterprise_reorder.json,1890,2970b26a5da0fc78f783c735d57cdaa82a4b4e68b112b7483376de950e2479b3
local_data_auditor/contracts/enterprise_stock_return.json,6102,46cb86c5d71468310dfbb016d141976dacf7ec2a1eb0033ddf13ff854d38b0e2
local_data_auditor/contracts/enterprise_transfer_from.json,2713,6b73cac2cca76bf7df928ca37e831ab7704788f179d65ad8926491bc03fafc57
local_data_auditor/contracts/enterprise_transfer_to.json,2496,cbfd085ffc34b5f412181f73710159f865afd1133159e6a6dd21fd9c852b5770
local_data_auditor/contracts/enterprise_variance_master.json,4620,b4dc48d2f0a16a6505e4c5095dc60977702485a4c825969dcacd548bab62959b
local_data_auditor/contracts/enterprise_variance_normal.json,5107,26cf72741bdd510757f94c1a553d18fe053c8701e3703f427e0cfeca1073be1e
local_data_auditor/contracts/enterprise_wastage_normal.json,2532,ab47234a26f25c714c39ef0b34372142a8a317b123280b793ed454ddaa23f9aa
local_data_auditor/contracts/gross_net_margin.json,6110,3e6ced0ac54fd58ce19c35541af5deba1a2561e198eea7b45955777a10c37880
local_data_auditor/contracts/item_recipe_report.json,2013,c08409da93ce0046c21b03f91407e4f281c7c996a105a2ff7750f96d278f6981
local_data_auditor/contracts/purchase_detail.json,5302,d0a8bdc84c02d67d825b7eeb44247676ec0073cde84462a15f01345362782b0f
local_data_auditor/contracts/recipe_consumption.json,2634,fe2724017ff2481d808920e657443fe1810eb99ed9467f8247ebc8abef181f72
local_data_auditor/contracts/stock_in_stock_out.json,2936,910b51593af79387fcd214f447f578c4b17e63a76e620301a3dd9efcbfb2c494
local_data_auditor/contracts/vendor_report.json,2621,91bd04a6fbe28a57c6e2785eb10bdaabfe065bcf16bcdd14d12abe0977a0b387
local_data_auditor/input/.gitkeep,2,7eb70257593da06f682a3ddda54a9d260d4fc514f645237f5ca74b08f8da61a6
local_data_auditor/input/README.md,433,109a3abff1004283c24d727622416273fc3be55502a8412f2dc7fbfe4cd05493
local_data_auditor/issue_taxonomy.py,3816,b4c2958d2946aa94ed94681a1fed51ea9325e232750340455ffb6a129ebdef4b
local_data_auditor/llm_review.py,45651,48470875a85cb5bd1a31bd22ab117e9511f827c4851de121aa9e495eb5fcd713
local_data_auditor/local_report_viewer.html,30171,9cf6bec8dc2e03373d707a609f18253e7f397099953d48b337bba38ee8cb6a3c
local_data_auditor/local_report_viewer.py,24535,a8dad2677b8aa852d6ad9f0ccf18f69519276b101200079cce07101711cbcd6f
local_data_auditor/output/.gitkeep,2,7eb70257593da06f682a3ddda54a9d260d4fc514f645237f5ca74b08f8da61a6
local_data_auditor/packet_builder.py,16097,0cb1448ecd98d44df35e09e1ce7bdb7edb831e39b0059c288432dd27edc58b63
local_data_auditor/profiler.py,24439,a32439379b58ce355ad30940d1db3b0bc6e84f1122cd3b799c2127a6450db78b
local_data_auditor/README.md,10506,fd4cf02b2f440079de20280e2f66b12ec846092b7084345745b952042b9926f7
local_data_auditor/references/CONTRACT_INDEX.csv,2398,8490809d969495b9b88c80386878f801f15ac13390bfa525d6f7546dc2714409
local_data_auditor/references/FIRST_BATCH_SCHEMA_REFERENCE.md,9724,d80700815c3f5bb58b09c79d6c0b5a4fd8394fc5d75cfb6c47dde70401540d3a
local_data_auditor/references/FULL_CONTROL_TOWER_EXTRACTION_MANIFEST.md,10839,f4d653f3eb675e7e3c769a384d7fc919d99cacb9b835cb21c3ddfc5547979813
local_data_auditor/run_audit.bat,598,e0092814056101dca259cf4ea8940c4df54b9bca5a3a4e8c6aeef387fa6f167b
local_data_auditor/run_full_pipeline.bat,665,5938e2f43fd513582e50c57f3ca31b7d9214f0976bcbd0e6e407f11f9de5688b
local_data_auditor/run_laptop_pipeline.bat,209,5336bb11e860feb535022e679e5e3b52a5bf83ee23c62f7b9aeffd3ecdbbacba
local_data_auditor/run_local_report_viewer.bat,201,62ab9a6da55738c56b50b2f785de450e7d423abcd71685cfcdf206e26ce38de8
local_data_auditor/run_pipeline.py,6898,5a7d405eba6aa9a0824f67cee72ae7d31817ff8b76b703ab6883d858a8686a01
local_data_auditor/setup_5070_model.bat,400,5b6c08e8860aea0504bdf45b9b7ba85e650997d0b9f4eaaf57aef15ffb6fa4aa
local_data_auditor/setup_laptop_model.bat,410,e8efc64508f52d4cfc6659ce7d4747386570843a5e7f73670ca20001172faab7
local_data_auditor/tests/test_auditor.py,7919,c769f46a433dec12f114eed7004796a1743c42a71a45a27dd51df2a0d1095c30
local_data_auditor/tests/test_business_review.py,2225,d3b7b33fdace9e6b5f4f20a0a5cdda9535d139cf72af62963e7938ee5de83660
local_data_auditor/tests/test_pipeline.py,14206,6c822329b31e1812fbd0e3f6b86e339db695dc2b1747c49b7c92ed3c32dde544
local_data_auditor/tests/test_report_viewer.py,7273,c597bd76849d7b7b6c58a7164a941ff852fa6c96dfbf907ccb686288ee63e74f
manage_demo.py,3746,6ab904dd9a0383bacf0825b401205f635c681d7653ffef0a9e7cc6050633c9e5
README.md,63076,d706e42545dbde8a5a37e1735ccf24ddd918fd9754bfe5e5eb018a69ea6fdb50
render.yaml,547,026253db7d32814030a3459aa449659998227fdfdf093e854431fb94d10eaf1b
requirements-ocr.txt,122,9c03dafc133b4575caa15e7f13fab4d90ef7367d61ee1114c5579f222485ba60
requirements.txt,77,f71ac33725f6a2789a5985fa7068d51a00ca99af0adeebd1b0c532b2131da734
run_export_current_csv.bat,78,4cc6cd257922015db05adc75765f832fb2f05667cb336bcfe4c2756acc99cb0f
run_load_month_2.bat,72,88f1208f7c667b49a9e99f1f343a079361d700cec6933bb26bf27618e8621d94
run_load_month_3.bat,72,77caf612d2cdc209b02a5a2bf8b9632b92976f29c9486db02e9e73f754fd4328
run_reset_month_1.bat,73,aa5bdc05e6dc3e7d76d6bf79674cef38628aaa7b2dfb1ada1cc9c5b15e6fb286
scripts/analyze_month1_truth.py,80748,2c45ee17c50649c4a0af6ae3e7c6408d87cb45eb9aed08249358693026441c09
scripts/build_control_tower_fidelity.py,27513,8dd792b196807f3272553f81066764b45e708bf19da83f9fab158a0b95a932e7
scripts/build_control_tower_presentation.py,97570,ef01c2531bf037618a8dce0363543ef917cf0f4895506357b0b91d52d71b1448
scripts/build_control_tower_truth_pack.py,42619,f8567c4502bc9303ecd6b5b2d619aef48993bc14c3e351d21f08bfc00662a076
scripts/build_control_tower_v2_sql.py,83644,4ee38d31e6ad959bb565e02277c4c1ddb4c45af808af464292011950cbde91ac
scripts/build_control_tower_workbench_evidence.py,65862,3a78a1783d67855466f98399bcc9015e100ac699acd5c5f2aa3f69b405bccc75
scripts/build_final_zoho_package.py,22661,637fe08b3b1f67a702170d0b9dd7004785a3ad9438ac890836c5c007f46ec2e2
scripts/build_posist_schema_reference.py,36041,b3e0b5903d5452d650a52bee88b2899d7f571915b30288864fd3a11e8e96dd67
scripts/check_free_ocr_tools.bat,50,5c59cd2ce93d871fd6fa1747d5157833a2b81d5bdbdcef87fc9f563f4076e108
scripts/check_free_ocr_tools.py,2800,82d10c2b43221986554739e20ae23d83affd13006457f285d6a227ee7640e3ec
scripts/check_repository_safety.py,3187,36994a3d98534954889920fd1e197ab82e23c25afbf40d1c2c7380a0af6e120d
scripts/delete_month_2.bat,79,67dacc8dd8dedd0197db83013655802d41154fe111523153500cb41455b237f3
scripts/delete_month_3.bat,79,9e99419dda3de841c2cc906bf006603673715bf73e061f96b5e5c753150fb327
scripts/generate_posist_schema_readme_templates.py,8402,4277138183dda50272a36b02576cd5303866e44d6f05b1f06eeb278e18658181
scripts/load_month_2.bat,77,157d9c5c29744728582a5c4e2691057180976c777359e8d96a1628fb17011a30
scripts/load_month_3.bat,77,c5f1b73e7ed0a71bfb55b255f02956c5b7c7fb6d01d5fcdb822a40c5b2a87fc4
scripts/merge_p1_ocr_into_schema_reference.py,14767,df8f8af4577b4fb16a416a91d2451574a3f4683c274529cbc2f3ccecd1014706
scripts/prepare_posist_screenshot_intake.bat,94,be432c206c6cc09505f764dabb4db5c8983af6bd667dc510b45f31e6b3e98a6f
scripts/prepare_posist_screenshot_intake.py,24268,ef98fa3647e988659e32304fad46933e89e9793527a71b61190b4efaeb058abc
scripts/reset_month_1.bat,78,600cdd20327c822889eb8a5f92b9859ef16c5f14441bd3f3d3f117a60f640ea8
scripts/reset_to_month_1.bat,81,3bbac53c98b2a29ff598576d5b9c7f56bdcb459e406bfba816490c2ea9438d69
scripts/reset_to_month_2.bat,81,171e439d0944ca04d8469cf4567568b23ae999066cae1f2ff7e1f4c878b65b0c
scripts/run_api.bat,101,5d36750bb3d926dfabe5ce9fb37df9480993d319c4a0b6ea246f88e4a5de92be
scripts/run_desktop_main_page_ocr_test.bat,706,fb1ad4cd09be56573e67b40d68bff82d2ae3bebf19de6175619c24878702971b
scripts/run_desktop_stock_admin_ocr_test.bat,720,66da286a6c1d35e492413bd3f829c41cc67069053a7c540c6163a33e0a496b0c
scripts/run_posist_screenshot_extraction.bat,377,9ef31d0e0887e40ef23cc09a3fccd37ec14ebe065da62fe30ef0665812b79239
scripts/run_posist_screenshot_extraction.py,30452,69789dd51118199c28d13eb000865b792a7e7f89372b8a53814ccf48e3f02287
scripts/setup_free_ocr_env.bat,429,18145c7c1dc5d52a7cec008c2a77a808f4a7dc6a84e63eeb2ae89e909d3d6b1e
scripts/setup_posist_screenshot_structure.py,20902,bf5a4f20a01a58da717b4c65d3a320b883e328617605dab3fbbc36f2380be7f9
scripts/status.bat,71,20835d1c4dd859c92e88129e4a8f8a93aded3e435c7f48135c5ec511d2b2a878
setup_work_laptop.ps1,1446,54e8b530b531e17ecaf9d146ad8388f4f88b42dc475eb0b5edb0e21ae45e6605
source_intake/posist_uat/00_manifest_template.csv,223,92907f885d63bf130753a3a1a10804a155048f6a2ae59f0dd9944213d76a61a2
source_intake/posist_uat/_incoming_drop/.gitkeep,2,7eb70257593da06f682a3ddda54a9d260d4fc514f645237f5ca74b08f8da61a6
source_intake/posist_uat/_incoming_drop/README.md,397,56d3f121eac26a7ef418d91d7885545f5e6508a1128df295e8bb3b472cbc2e03
source_intake/posist_uat/batches/.gitkeep,2,7eb70257593da06f682a3ddda54a9d260d4fc514f645237f5ca74b08f8da61a6
source_intake/posist_uat/codex_downloads_sample_observations.md,2383,902b3a0ff40f8870fcb474fc66b8aabd18fc276aafe3a9a190846ac7fcd14057
source_intake/posist_uat/ocr_runs/.gitkeep,2,7eb70257593da06f682a3ddda54a9d260d4fc514f645237f5ca74b08f8da61a6
source_intake/posist_uat/README.md,4541,9a120dea342f0c02cf653311f5dc4a91be76462452c18cb47c4e8827db04b77b
source_intake/posist_uat/restroworks_api_docs_packet/endpoint_inventory.csv,6813,93049f173b756c81dc426d9548573f885e18c9e073c00aa5faa8dc02e6124f82
source_intake/posist_uat/restroworks_api_docs_packet/model_mapping_seed.csv,4570,ffd5ab8074ba4ffaedb1051d5a9eba1ac4983393458f54a0863b1c00eed1be6c
source_intake/posist_uat/restroworks_api_docs_packet/README.md,4689,b66eb3a6bcfdcb79ddaccc8083e1f5f58421385cac4c5edb5e87ded6b4cf5afc
source_intake/posist_uat/stock_administration_sample_observations.md,4005,e0e789373745e71597a1eea5e3234875470e61cfb44dd316fdf8444cc0756b2e
source_intake/posist_uat/structured_screenshot_capture_guide.md,6337,3553703f3ac715d1eedad019b0ed7ce8f6571a6f11e6a2bde8c4e244a17e9660
sql/001_create_raw_tables.sql,4929,d22415c105ed42da73982162d2c42d84627d3b10f66ac4372be5abbd9adf1018
sql/002_create_control_tables.sql,659,a61e5a2937cfe356e32e6dd4d186646f892c14415573303a74e6a60ea54caac8
sql/003_indexes.sql,954,4e08fd417510109214e0329b0bdddeb5d8dfde01ef09595db83aeb699343d1bf
tests/test_control_tower_exports.py,8696,4f5bddf2e86cc76c3d3f24244a760a0a6fa8a84dacbcda02cd6424496a147e8a
tests/test_control_tower_presentation.py,1836,4c4e46f00121197886695ab5239b058be60b10f5f4f68a8ce2f48fdd29aefd36
tests/test_control_tower_sql_pack.py,19811,d55abbff0cce019e331824d606bded9323918fe494afe0e62a8dfa994706b5c5
tests/test_final_zoho_package.py,6740,d889f087c95ece2e43fd071a90faba3c7e405d709bd608f5634b92859aa0a894
tests/test_pre_dashboard_setup.py,5182,c911fc42077307f61427df7d9599ffb1c616a04384b9adc873300135580d1c55
WORK_LAPTOP_SETUP.md,3574,13df665c5064dbcfb5aafedff7ebec10683f6e511658919be93fde64cfa657ce
