Type,Item Code,Item Name,Parent Item Quantity,Parent Price Per Unit,Parent Subtotal,Consumed Quantity,Unit,Price Per Unit,Subtotal,Consumption Source
Menu Item,MENU0001,Espresso Shot - Solo,,,,0.0384,kg,980.0,37.63,Recipe:ING001
Menu Item,MENU0001,Espresso Shot - Solo,,,,4.0,pcs,2.8,11.2,Recipe:ING037
Menu Item,MENU0001,Espresso Shot - Solo,,,,4.0,pcs,1.1,4.4,Recipe:ING038
Menu Item,MENU0001,Espresso Shot - Solo,,,,4.0,pcs,0.32,1.28,Recipe:ING040
Menu Item,MENU0002,Espresso Shot - Doppio,,,,0.087,kg,980.0,85.26,Recipe:ING001
Menu Item,MENU0002,Espresso Shot - Doppio,,,,5.0,pcs,2.8,14.0,Recipe:ING037
Menu Item,MENU0002,Espresso Shot - Doppio,,,,5.0,pcs,1.1,5.5,Recipe:ING038
Menu Item,MENU0002,Espresso Shot - Doppio,,,,5.0,pcs,0.32,1.6,Recipe:ING040
Menu Item,MENU0003,Americano - Regular,,,,0.864,kg,980.0,846.72,Recipe:ING001
Menu Item,MENU0003,Americano - Regular,,,,48.0,pcs,2.8,134.4,Recipe:ING037
Menu Item,MENU0003,Americano - Regular,,,,48.0,pcs,1.1,52.8,Recipe:ING038
Menu Item,MENU0003,Americano - Regular,,,,48.0,pcs,0.32,15.36,Recipe:ING040
Menu Item,MENU0003,Americano - Regular,,,,0.72,litre,90.0,64.8,Recipe:ING019
Menu Item,MENU0004,Americano - Medium,,,,0.828,kg,980.0,811.44,Recipe:ING001
Menu Item,MENU0004,Americano - Medium,,,,40.0,pcs,2.8,112.0,Recipe:ING037
Menu Item,MENU0004,Americano - Medium,,,,40.0,pcs,1.1,44.0,Recipe:ING038
Menu Item,MENU0004,Americano - Medium,,,,40.0,pcs,0.32,12.8,Recipe:ING040
Menu Item,MENU0004,Americano - Medium,,,,0.688,litre,90.0,61.92,Recipe:ING019
Menu Item,MENU0005,Americano - Large,,,,0.6552,kg,980.0,642.1,Recipe:ING001
Menu Item,MENU0005,Americano - Large,,,,28.0,pcs,2.8,78.4,Recipe:ING037
Menu Item,MENU0005,Americano - Large,,,,28.0,pcs,1.1,30.8,Recipe:ING038
Menu Item,MENU0005,Americano - Large,,,,28.0,pcs,0.32,8.96,Recipe:ING040
Menu Item,MENU0005,Americano - Large,,,,0.546,litre,90.0,49.14,Recipe:ING019
Menu Item,MENU0006,Latte - Regular,,,,1.062,kg,980.0,1040.76,Recipe:ING001
Menu Item,MENU0006,Latte - Regular,,,,59.0,pcs,2.8,165.2,Recipe:ING037
Menu Item,MENU0006,Latte - Regular,,,,59.0,pcs,1.1,64.9,Recipe:ING038
Menu Item,MENU0006,Latte - Regular,,,,10.62,litre,72.0,764.64,Recipe:ING002
Menu Item,MENU0006,Latte - Regular,,,,59.0,pcs,0.32,18.88,Recipe:ING040
Menu Item,MENU0006,Latte - Regular,,,,0.885,litre,90.0,79.65,Recipe:ING019
Menu Item,MENU0007,Latte - Medium,,,,0.8073,kg,980.0,791.15,Recipe:ING001
Menu Item,MENU0007,Latte - Medium,,,,39.0,pcs,2.8,109.2,Recipe:ING037
Menu Item,MENU0007,Latte - Medium,,,,39.0,pcs,1.1,42.9,Recipe:ING038
Menu Item,MENU0007,Latte - Medium,,,,8.073,litre,72.0,581.26,Recipe:ING002
Menu Item,MENU0007,Latte - Medium,,,,39.0,pcs,0.32,12.48,Recipe:ING040
Menu Item,MENU0007,Latte - Medium,,,,0.6708,litre,90.0,60.37,Recipe:ING019
Menu Item,MENU0008,Latte - Large,,,,0.5148,kg,980.0,504.5,Recipe:ING001
Menu Item,MENU0008,Latte - Large,,,,22.0,pcs,2.8,61.6,Recipe:ING037
Menu Item,MENU0008,Latte - Large,,,,22.0,pcs,1.1,24.2,Recipe:ING038
Menu Item,MENU0008,Latte - Large,,,,5.148,litre,72.0,370.66,Recipe:ING002
Menu Item,MENU0008,Latte - Large,,,,22.0,pcs,0.32,7.04,Recipe:ING040
Menu Item,MENU0008,Latte - Large,,,,0.429,litre,90.0,38.61,Recipe:ING019
Menu Item,MENU0009,Cappuccino - Regular,,,,1.026,kg,980.0,1005.48,Recipe:ING001
Menu Item,MENU0009,Cappuccino - Regular,,,,57.0,pcs,2.8,159.6,Recipe:ING037
Menu Item,MENU0009,Cappuccino - Regular,,,,57.0,pcs,1.1,62.7,Recipe:ING038
Menu Item,MENU0009,Cappuccino - Regular,,,,10.26,litre,72.0,738.72,Recipe:ING002
Menu Item,MENU0009,Cappuccino - Regular,,,,57.0,pcs,0.32,18.24,Recipe:ING040
Menu Item,MENU0009,Cappuccino - Regular,,,,0.855,litre,90.0,76.95,Recipe:ING019
Menu Item,MENU0010,Cappuccino - Medium,,,,1.1799,kg,980.0,1156.3,Recipe:ING001
Menu Item,MENU0010,Cappuccino - Medium,,,,57.0,pcs,2.8,159.6,Recipe:ING037
Menu Item,MENU0010,Cappuccino - Medium,,,,57.0,pcs,1.1,62.7,Recipe:ING038
Menu Item,MENU0010,Cappuccino - Medium,,,,11.799,litre,72.0,849.53,Recipe:ING002
Menu Item,MENU0010,Cappuccino - Medium,,,,57.0,pcs,0.32,18.24,Recipe:ING040
Menu Item,MENU0010,Cappuccino - Medium,,,,0.9804,litre,90.0,88.24,Recipe:ING019
Menu Item,MENU0011,Cappuccino - Large,,,,0.6786,kg,980.0,665.03,Recipe:ING001
Menu Item,MENU0011,Cappuccino - Large,,,,29.0,pcs,2.8,81.2,Recipe:ING037
Menu Item,MENU0011,Cappuccino - Large,,,,29.0,pcs,1.1,31.9,Recipe:ING038
Menu Item,MENU0011,Cappuccino - Large,,,,6.786,litre,72.0,488.59,Recipe:ING002
Menu Item,MENU0011,Cappuccino - Large,,,,29.0,pcs,0.32,9.28,Recipe:ING040
Menu Item,MENU0011,Cappuccino - Large,,,,0.5655,litre,90.0,50.9,Recipe:ING019
Menu Item,MENU0012,Flat White - Regular,,,,0.666,kg,980.0,652.68,Recipe:ING001
Menu Item,MENU0012,Flat White - Regular,,,,37.0,pcs,2.8,103.6,Recipe:ING037
Menu Item,MENU0012,Flat White - Regular,,,,37.0,pcs,1.1,40.7,Recipe:ING038
Menu Item,MENU0012,Flat White - Regular,,,,6.66,litre,72.0,479.52,Recipe:ING002
Menu Item,MENU0012,Flat White - Regular,,,,37.0,pcs,0.32,11.84,Recipe:ING040
Menu Item,MENU0012,Flat White - Regular,,,,0.555,litre,90.0,49.95,Recipe:ING019
Menu Item,MENU0013,Flat White - Medium,,,,1.0143,kg,980.0,994.01,Recipe:ING001
Menu Item,MENU0013,Flat White - Medium,,,,49.0,pcs,2.8,137.2,Recipe:ING037
Menu Item,MENU0013,Flat White - Medium,,,,49.0,pcs,1.1,53.9,Recipe:ING038
Menu Item,MENU0013,Flat White - Medium,,,,10.143,litre,72.0,730.3,Recipe:ING002
Menu Item,MENU0013,Flat White - Medium,,,,49.0,pcs,0.32,15.68,Recipe:ING040
Menu Item,MENU0013,Flat White - Medium,,,,0.8428,litre,90.0,75.85,Recipe:ING019
Menu Item,MENU0014,Flat White - Large,,,,0.5616,kg,980.0,550.37,Recipe:ING001
Menu Item,MENU0014,Flat White - Large,,,,24.0,pcs,2.8,67.2,Recipe:ING037
Menu Item,MENU0014,Flat White - Large,,,,24.0,pcs,1.1,26.4,Recipe:ING038
Menu Item,MENU0014,Flat White - Large,,,,5.616,litre,72.0,404.35,Recipe:ING002
Menu Item,MENU0014,Flat White - Large,,,,24.0,pcs,0.32,7.68,Recipe:ING040
Menu Item,MENU0014,Flat White - Large,,,,0.468,litre,90.0,42.12,Recipe:ING019
Menu Item,MENU0015,Mocha - Regular,,,,1.1,litre,260.0,286.0,Recipe:ING016
Menu Item,MENU0015,Mocha - Regular,,,,0.792,kg,980.0,776.16,Recipe:ING001
Menu Item,MENU0015,Mocha - Regular,,,,44.0,pcs,2.8,123.2,Recipe:ING037
Menu Item,MENU0015,Mocha - Regular,,,,44.0,pcs,1.1,48.4,Recipe:ING038
Menu Item,MENU0015,Mocha - Regular,,,,7.92,litre,72.0,570.24,Recipe:ING002
Menu Item,MENU0015,Mocha - Regular,,,,44.0,pcs,0.32,14.08,Recipe:ING040
Menu Item,MENU0015,Mocha - Regular,,,,0.66,litre,90.0,59.4,Recipe:ING019
Menu Item,MENU0016,Mocha - Medium,,,,1.1767,litre,260.0,305.94,Recipe:ING016
Menu Item,MENU0016,Mocha - Medium,,,,0.8487,kg,980.0,831.73,Recipe:ING001
Menu Item,MENU0016,Mocha - Medium,,,,41.0,pcs,2.8,114.8,Recipe:ING037
Menu Item,MENU0016,Mocha - Medium,,,,41.0,pcs,1.1,45.1,Recipe:ING038
Menu Item,MENU0016,Mocha - Medium,,,,8.487,litre,72.0,611.06,Recipe:ING002
Menu Item,MENU0016,Mocha - Medium,,,,41.0,pcs,0.32,13.12,Recipe:ING040
Menu Item,MENU0016,Mocha - Medium,,,,0.7052,litre,90.0,63.47,Recipe:ING019
Menu Item,MENU0017,Mocha - Large,,,,1.2025,litre,260.0,312.65,Recipe:ING016
Menu Item,MENU0017,Mocha - Large,,,,0.8658,kg,980.0,848.48,Recipe:ING001
Menu Item,MENU0017,Mocha - Large,,,,37.0,pcs,2.8,103.6,Recipe:ING037
Menu Item,MENU0017,Mocha - Large,,,,37.0,pcs,1.1,40.7,Recipe:ING038
Menu Item,MENU0017,Mocha - Large,,,,8.658,litre,72.0,623.38,Recipe:ING002
Menu Item,MENU0017,Mocha - Large,,,,37.0,pcs,0.32,11.84,Recipe:ING040
Menu Item,MENU0017,Mocha - Large,,,,0.7215,litre,90.0,64.94,Recipe:ING019
Menu Item,MENU0018,Sea Salt Mocha - Regular,,,,0.95,litre,260.0,247.0,Recipe:ING016
Menu Item,MENU0018,Sea Salt Mocha - Regular,,,,0.684,kg,980.0,670.32,Recipe:ING001
Menu Item,MENU0018,Sea Salt Mocha - Regular,,,,38.0,pcs,2.8,106.4,Recipe:ING037
Menu Item,MENU0018,Sea Salt Mocha - Regular,,,,38.0,pcs,1.1,41.8,Recipe:ING038
Menu Item,MENU0018,Sea Salt Mocha - Regular,,,,6.84,litre,72.0,492.48,Recipe:ING002
Menu Item,MENU0018,Sea Salt Mocha - Regular,,,,38.0,pcs,0.32,12.16,Recipe:ING040
Menu Item,MENU0018,Sea Salt Mocha - Regular,,,,0.57,litre,90.0,51.3,Recipe:ING019
Menu Item,MENU0019,Sea Salt Mocha - Medium,,,,0.7462,litre,260.0,194.01,Recipe:ING016
Menu Item,MENU0019,Sea Salt Mocha - Medium,,,,0.5382,kg,980.0,527.44,Recipe:ING001
Menu Item,MENU0019,Sea Salt Mocha - Medium,,,,26.0,pcs,2.8,72.8,Recipe:ING037
Menu Item,MENU0019,Sea Salt Mocha - Medium,,,,26.0,pcs,1.1,28.6,Recipe:ING038
Menu Item,MENU0019,Sea Salt Mocha - Medium,,,,5.382,litre,72.0,387.5,Recipe:ING002
Menu Item,MENU0019,Sea Salt Mocha - Medium,,,,26.0,pcs,0.32,8.32,Recipe:ING040
Menu Item,MENU0019,Sea Salt Mocha - Medium,,,,0.4472,litre,90.0,40.25,Recipe:ING019
Menu Item,MENU0020,Sea Salt Mocha - Large,,,,0.585,litre,260.0,152.1,Recipe:ING016
Menu Item,MENU0020,Sea Salt Mocha - Large,,,,0.4212,kg,980.0,412.78,Recipe:ING001
Menu Item,MENU0020,Sea Salt Mocha - Large,,,,18.0,pcs,2.8,50.4,Recipe:ING037
Menu Item,MENU0020,Sea Salt Mocha - Large,,,,18.0,pcs,1.1,19.8,Recipe:ING038
Menu Item,MENU0020,Sea Salt Mocha - Large,,,,4.212,litre,72.0,303.26,Recipe:ING002
Menu Item,MENU0020,Sea Salt Mocha - Large,,,,18.0,pcs,0.32,5.76,Recipe:ING040
Menu Item,MENU0020,Sea Salt Mocha - Large,,,,0.351,litre,90.0,31.59,Recipe:ING019
Menu Item,MENU0021,Orange Zest Mocha - Regular,,,,0.775,litre,260.0,201.5,Recipe:ING016
Menu Item,MENU0021,Orange Zest Mocha - Regular,,,,0.558,kg,980.0,546.84,Recipe:ING001
Menu Item,MENU0021,Orange Zest Mocha - Regular,,,,31.0,pcs,2.8,86.8,Recipe:ING037
Menu Item,MENU0021,Orange Zest Mocha - Regular,,,,31.0,pcs,1.1,34.1,Recipe:ING038
Menu Item,MENU0021,Orange Zest Mocha - Regular,,,,5.58,litre,72.0,401.76,Recipe:ING002
Menu Item,MENU0021,Orange Zest Mocha - Regular,,,,31.0,pcs,0.32,9.92,Recipe:ING040
Menu Item,MENU0021,Orange Zest Mocha - Regular,,,,0.465,litre,90.0,41.85,Recipe:ING019
Menu Item,MENU0022,Orange Zest Mocha - Medium,,,,0.8036,litre,260.0,208.94,Recipe:ING016
Menu Item,MENU0022,Orange Zest Mocha - Medium,,,,0.5796,kg,980.0,568.01,Recipe:ING001
Menu Item,MENU0022,Orange Zest Mocha - Medium,,,,28.0,pcs,2.8,78.4,Recipe:ING037
Menu Item,MENU0022,Orange Zest Mocha - Medium,,,,28.0,pcs,1.1,30.8,Recipe:ING038
Menu Item,MENU0022,Orange Zest Mocha - Medium,,,,5.796,litre,72.0,417.31,Recipe:ING002
Menu Item,MENU0022,Orange Zest Mocha - Medium,,,,28.0,pcs,0.32,8.96,Recipe:ING040
Menu Item,MENU0022,Orange Zest Mocha - Medium,,,,0.4816,litre,90.0,43.34,Recipe:ING019
Menu Item,MENU0023,Orange Zest Mocha - Large,,,,0.65,litre,260.0,169.0,Recipe:ING016
Menu Item,MENU0023,Orange Zest Mocha - Large,,,,0.468,kg,980.0,458.64,Recipe:ING001
Menu Item,MENU0023,Orange Zest Mocha - Large,,,,20.0,pcs,2.8,56.0,Recipe:ING037
Menu Item,MENU0023,Orange Zest Mocha - Large,,,,20.0,pcs,1.1,22.0,Recipe:ING038
Menu Item,MENU0023,Orange Zest Mocha - Large,,,,4.68,litre,72.0,336.96,Recipe:ING002
Menu Item,MENU0023,Orange Zest Mocha - Large,,,,20.0,pcs,0.32,6.4,Recipe:ING040
Menu Item,MENU0023,Orange Zest Mocha - Large,,,,0.39,litre,90.0,35.1,Recipe:ING019
Menu Item,MENU0024,Caramel Macchiato - Regular,,,,0.85,litre,250.0,212.5,Recipe:ING017
Menu Item,MENU0024,Caramel Macchiato - Regular,,,,0.612,kg,980.0,599.76,Recipe:ING001
Menu Item,MENU0024,Caramel Macchiato - Regular,,,,34.0,pcs,2.8,95.2,Recipe:ING037
Menu Item,MENU0024,Caramel Macchiato - Regular,,,,34.0,pcs,1.1,37.4,Recipe:ING038
Menu Item,MENU0024,Caramel Macchiato - Regular,,,,6.12,litre,72.0,440.64,Recipe:ING002
Menu Item,MENU0024,Caramel Macchiato - Regular,,,,34.0,pcs,0.32,10.88,Recipe:ING040
Menu Item,MENU0024,Caramel Macchiato - Regular,,,,0.51,litre,90.0,45.9,Recipe:ING019
Menu Item,MENU0025,Caramel Macchiato - Medium,,,,0.9471,litre,250.0,236.78,Recipe:ING017
Menu Item,MENU0025,Caramel Macchiato - Medium,,,,0.6831,kg,980.0,669.44,Recipe:ING001
Menu Item,MENU0025,Caramel Macchiato - Medium,,,,33.0,pcs,2.8,92.4,Recipe:ING037
Menu Item,MENU0025,Caramel Macchiato - Medium,,,,33.0,pcs,1.1,36.3,Recipe:ING038
Menu Item,MENU0025,Caramel Macchiato - Medium,,,,6.831,litre,72.0,491.83,Recipe:ING002
Menu Item,MENU0025,Caramel Macchiato - Medium,,,,33.0,pcs,0.32,10.56,Recipe:ING040
Menu Item,MENU0025,Caramel Macchiato - Medium,,,,0.5676,litre,90.0,51.08,Recipe:ING019
Menu Item,MENU0026,Caramel Macchiato - Large,,,,0.715,litre,250.0,178.75,Recipe:ING017
Menu Item,MENU0026,Caramel Macchiato - Large,,,,0.5148,kg,980.0,504.5,Recipe:ING001
Menu Item,MENU0026,Caramel Macchiato - Large,,,,22.0,pcs,2.8,61.6,Recipe:ING037
Menu Item,MENU0026,Caramel Macchiato - Large,,,,22.0,pcs,1.1,24.2,Recipe:ING038
Menu Item,MENU0026,Caramel Macchiato - Large,,,,5.148,litre,72.0,370.66,Recipe:ING002
Menu Item,MENU0026,Caramel Macchiato - Large,,,,22.0,pcs,0.32,7.04,Recipe:ING040
Menu Item,MENU0026,Caramel Macchiato - Large,,,,0.429,litre,90.0,38.61,Recipe:ING019
Menu Item,MENU0027,French Vanilla Latte - Regular,,,,0.648,kg,980.0,635.04,Recipe:ING001
Menu Item,MENU0027,French Vanilla Latte - Regular,,,,36.0,pcs,2.8,100.8,Recipe:ING037
Menu Item,MENU0027,French Vanilla Latte - Regular,,,,36.0,pcs,1.1,39.6,Recipe:ING038
Menu Item,MENU0027,French Vanilla Latte - Regular,,,,6.48,litre,72.0,466.56,Recipe:ING002
Menu Item,MENU0027,French Vanilla Latte - Regular,,,,36.0,pcs,0.32,11.52,Recipe:ING040
Menu Item,MENU0027,French Vanilla Latte - Regular,,,,0.54,litre,90.0,48.6,Recipe:ING019
Menu Item,MENU0027,French Vanilla Latte - Regular,,,,0.9,litre,240.0,216.0,Recipe:ING018
Menu Item,MENU0028,French Vanilla Latte - Medium,,,,0.8073,kg,980.0,791.15,Recipe:ING001
Menu Item,MENU0028,French Vanilla Latte - Medium,,,,39.0,pcs,2.8,109.2,Recipe:ING037
Menu Item,MENU0028,French Vanilla Latte - Medium,,,,39.0,pcs,1.1,42.9,Recipe:ING038
Menu Item,MENU0028,French Vanilla Latte - Medium,,,,8.073,litre,72.0,581.26,Recipe:ING002
Menu Item,MENU0028,French Vanilla Latte - Medium,,,,39.0,pcs,0.32,12.48,Recipe:ING040
Menu Item,MENU0028,French Vanilla Latte - Medium,,,,0.6708,litre,90.0,60.37,Recipe:ING019
Menu Item,MENU0028,French Vanilla Latte - Medium,,,,1.1193,litre,240.0,268.63,Recipe:ING018
Menu Item,MENU0029,French Vanilla Latte - Large,,,,0.6552,kg,980.0,642.1,Recipe:ING001
Menu Item,MENU0029,French Vanilla Latte - Large,,,,28.0,pcs,2.8,78.4,Recipe:ING037
Menu Item,MENU0029,French Vanilla Latte - Large,,,,28.0,pcs,1.1,30.8,Recipe:ING038
Menu Item,MENU0029,French Vanilla Latte - Large,,,,6.552,litre,72.0,471.74,Recipe:ING002
Menu Item,MENU0029,French Vanilla Latte - Large,,,,28.0,pcs,0.32,8.96,Recipe:ING040
Menu Item,MENU0029,French Vanilla Latte - Large,,,,0.546,litre,90.0,49.14,Recipe:ING019
Menu Item,MENU0029,French Vanilla Latte - Large,,,,0.91,litre,240.0,218.4,Recipe:ING018
Menu Item,MENU0030,Vegan Iced Latte - Regular,,,,0.72,kg,980.0,705.6,Recipe:ING001
Menu Item,MENU0030,Vegan Iced Latte - Regular,,,,40.0,pcs,3.2,128.0,Recipe:ING036
Menu Item,MENU0030,Vegan Iced Latte - Regular,,,,4.8,kg,12.0,57.6,Recipe:ING022
Menu Item,MENU0030,Vegan Iced Latte - Regular,,,,40.0,pcs,1.1,44.0,Recipe:ING038
Menu Item,MENU0030,Vegan Iced Latte - Regular,,,,40.0,pcs,0.32,12.8,Recipe:ING040
Menu Item,MENU0030,Vegan Iced Latte - Regular,,,,7.2,litre,185.0,1332.0,Recipe:ING003
Menu Item,MENU0030,Vegan Iced Latte - Regular,,,,40.0,pcs,0.55,22.0,Recipe:ING039
Menu Item,MENU0030,Vegan Iced Latte - Regular,,,,0.6,litre,90.0,54.0,Recipe:ING019
Menu Item,MENU0031,Vegan Iced Latte - Medium,,,,0.6831,kg,980.0,669.44,Recipe:ING001
Menu Item,MENU0031,Vegan Iced Latte - Medium,,,,33.0,pcs,3.2,105.6,Recipe:ING036
Menu Item,MENU0031,Vegan Iced Latte - Medium,,,,4.554,kg,12.0,54.65,Recipe:ING022
Menu Item,MENU0031,Vegan Iced Latte - Medium,,,,33.0,pcs,1.1,36.3,Recipe:ING038
Menu Item,MENU0031,Vegan Iced Latte - Medium,,,,33.0,pcs,0.32,10.56,Recipe:ING040
Menu Item,MENU0031,Vegan Iced Latte - Medium,,,,6.831,litre,185.0,1263.74,Recipe:ING003
Menu Item,MENU0031,Vegan Iced Latte - Medium,,,,33.0,pcs,0.55,18.15,Recipe:ING039
Menu Item,MENU0031,Vegan Iced Latte - Medium,,,,0.5676,litre,90.0,51.08,Recipe:ING019
Menu Item,MENU0032,Vegan Iced Latte - Large,,,,0.3744,kg,980.0,366.91,Recipe:ING001
Menu Item,MENU0032,Vegan Iced Latte - Large,,,,16.0,pcs,3.2,51.2,Recipe:ING036
Menu Item,MENU0032,Vegan Iced Latte - Large,,,,2.496,kg,12.0,29.95,Recipe:ING022
Menu Item,MENU0032,Vegan Iced Latte - Large,,,,16.0,pcs,1.1,17.6,Recipe:ING038
Menu Item,MENU0032,Vegan Iced Latte - Large,,,,16.0,pcs,0.32,5.12,Recipe:ING040
Menu Item,MENU0032,Vegan Iced Latte - Large,,,,3.744,litre,185.0,692.64,Recipe:ING003
Menu Item,MENU0032,Vegan Iced Latte - Large,,,,16.0,pcs,0.55,8.8,Recipe:ING039
Menu Item,MENU0032,Vegan Iced Latte - Large,,,,0.312,litre,90.0,28.08,Recipe:ING019
Menu Item,MENU0033,Classic Cold Brew - Regular,,,,0.36,kg,980.0,352.8,Recipe:ING001
Menu Item,MENU0033,Classic Cold Brew - Regular,,,,20.0,pcs,3.2,64.0,Recipe:ING036
Menu Item,MENU0033,Classic Cold Brew - Regular,,,,2.4,kg,12.0,28.8,Recipe:ING022
Menu Item,MENU0033,Classic Cold Brew - Regular,,,,20.0,pcs,1.1,22.0,Recipe:ING038
Menu Item,MENU0033,Classic Cold Brew - Regular,,,,20.0,pcs,0.32,6.4,Recipe:ING040
Menu Item,MENU0033,Classic Cold Brew - Regular,,,,20.0,pcs,0.55,11.0,Recipe:ING039
Menu Item,MENU0033,Classic Cold Brew - Regular,,,,0.3,litre,90.0,27.0,Recipe:ING019
Menu Item,MENU0034,Classic Cold Brew - Medium,,,,0.4761,kg,980.0,466.58,Recipe:ING001
Menu Item,MENU0034,Classic Cold Brew - Medium,,,,23.0,pcs,3.2,73.6,Recipe:ING036
Menu Item,MENU0034,Classic Cold Brew - Medium,,,,3.174,kg,12.0,38.09,Recipe:ING022
Menu Item,MENU0034,Classic Cold Brew - Medium,,,,23.0,pcs,1.1,25.3,Recipe:ING038
Menu Item,MENU0034,Classic Cold Brew - Medium,,,,23.0,pcs,0.32,7.36,Recipe:ING040
Menu Item,MENU0034,Classic Cold Brew - Medium,,,,23.0,pcs,0.55,12.65,Recipe:ING039
Menu Item,MENU0034,Classic Cold Brew - Medium,,,,0.3956,litre,90.0,35.6,Recipe:ING019
Menu Item,MENU0035,Classic Cold Brew - Large,,,,0.1404,kg,980.0,137.59,Recipe:ING001
Menu Item,MENU0035,Classic Cold Brew - Large,,,,6.0,pcs,3.2,19.2,Recipe:ING036
Menu Item,MENU0035,Classic Cold Brew - Large,,,,0.936,kg,12.0,11.23,Recipe:ING022
Menu Item,MENU0035,Classic Cold Brew - Large,,,,6.0,pcs,1.1,6.6,Recipe:ING038
Menu Item,MENU0035,Classic Cold Brew - Large,,,,6.0,pcs,0.32,1.92,Recipe:ING040
Menu Item,MENU0035,Classic Cold Brew - Large,,,,6.0,pcs,0.55,3.3,Recipe:ING039
Menu Item,MENU0035,Classic Cold Brew - Large,,,,0.117,litre,90.0,10.53,Recipe:ING019
Menu Item,MENU0036,Coffee Lemonade - Regular,,,,0.288,kg,980.0,282.24,Recipe:ING001
Menu Item,MENU0036,Coffee Lemonade - Regular,,,,16.0,pcs,3.2,51.2,Recipe:ING036
Menu Item,MENU0036,Coffee Lemonade - Regular,,,,1.92,kg,12.0,23.04,Recipe:ING022
Menu Item,MENU0036,Coffee Lemonade - Regular,,,,0.56,kg,110.0,61.6,Recipe:ING023
Menu Item,MENU0036,Coffee Lemonade - Regular,,,,16.0,pcs,1.1,17.6,Recipe:ING038
Menu Item,MENU0036,Coffee Lemonade - Regular,,,,16.0,pcs,0.32,5.12,Recipe:ING040
Menu Item,MENU0036,Coffee Lemonade - Regular,,,,16.0,pcs,0.55,8.8,Recipe:ING039
Menu Item,MENU0036,Coffee Lemonade - Regular,,,,0.24,litre,90.0,21.6,Recipe:ING019
Menu Item,MENU0037,Coffee Lemonade - Medium,,,,0.4347,kg,980.0,426.01,Recipe:ING001
Menu Item,MENU0037,Coffee Lemonade - Medium,,,,21.0,pcs,3.2,67.2,Recipe:ING036
Menu Item,MENU0037,Coffee Lemonade - Medium,,,,2.898,kg,12.0,34.78,Recipe:ING022
Menu Item,MENU0037,Coffee Lemonade - Medium,,,,0.8463,kg,110.0,93.09,Recipe:ING023
Menu Item,MENU0037,Coffee Lemonade - Medium,,,,21.0,pcs,1.1,23.1,Recipe:ING038
Menu Item,MENU0037,Coffee Lemonade - Medium,,,,21.0,pcs,0.32,6.72,Recipe:ING040
Menu Item,MENU0037,Coffee Lemonade - Medium,,,,21.0,pcs,0.55,11.55,Recipe:ING039
Menu Item,MENU0037,Coffee Lemonade - Medium,,,,0.3612,litre,90.0,32.51,Recipe:ING019
Menu Item,MENU0038,Coffee Lemonade - Large,,,,0.3276,kg,980.0,321.05,Recipe:ING001
Menu Item,MENU0038,Coffee Lemonade - Large,,,,14.0,pcs,3.2,44.8,Recipe:ING036
Menu Item,MENU0038,Coffee Lemonade - Large,,,,2.184,kg,12.0,26.21,Recipe:ING022
Menu Item,MENU0038,Coffee Lemonade - Large,,,,0.637,kg,110.0,70.07,Recipe:ING023
Menu Item,MENU0038,Coffee Lemonade - Large,,,,14.0,pcs,1.1,15.4,Recipe:ING038
Menu Item,MENU0038,Coffee Lemonade - Large,,,,14.0,pcs,0.32,4.48,Recipe:ING040
Menu Item,MENU0038,Coffee Lemonade - Large,,,,14.0,pcs,0.55,7.7,Recipe:ING039
Menu Item,MENU0038,Coffee Lemonade - Large,,,,0.273,litre,90.0,24.57,Recipe:ING019
Menu Item,MENU0039,Vietnamese Shakerato - Regular,,,,0.432,kg,980.0,423.36,Recipe:ING001
Menu Item,MENU0039,Vietnamese Shakerato - Regular,,,,24.0,pcs,3.2,76.8,Recipe:ING036
Menu Item,MENU0039,Vietnamese Shakerato - Regular,,,,2.88,kg,12.0,34.56,Recipe:ING022
Menu Item,MENU0039,Vietnamese Shakerato - Regular,,,,24.0,pcs,1.1,26.4,Recipe:ING038
Menu Item,MENU0039,Vietnamese Shakerato - Regular,,,,24.0,pcs,0.32,7.68,Recipe:ING040
Menu Item,MENU0039,Vietnamese Shakerato - Regular,,,,24.0,pcs,0.55,13.2,Recipe:ING039
Menu Item,MENU0039,Vietnamese Shakerato - Regular,,,,0.36,litre,90.0,32.4,Recipe:ING019
Menu Item,MENU0040,Vietnamese Shakerato - Medium,,,,0.3519,kg,980.0,344.86,Recipe:ING001
Menu Item,MENU0040,Vietnamese Shakerato - Medium,,,,17.0,pcs,3.2,54.4,Recipe:ING036
Menu Item,MENU0040,Vietnamese Shakerato - Medium,,,,2.346,kg,12.0,28.15,Recipe:ING022
Menu Item,MENU0040,Vietnamese Shakerato - Medium,,,,17.0,pcs,1.1,18.7,Recipe:ING038
Menu Item,MENU0040,Vietnamese Shakerato - Medium,,,,17.0,pcs,0.32,5.44,Recipe:ING040
Menu Item,MENU0040,Vietnamese Shakerato - Medium,,,,17.0,pcs,0.55,9.35,Recipe:ING039
Menu Item,MENU0040,Vietnamese Shakerato - Medium,,,,0.2924,litre,90.0,26.32,Recipe:ING019
Menu Item,MENU0041,Vietnamese Shakerato - Large,,,,0.351,kg,980.0,343.98,Recipe:ING001
Menu Item,MENU0041,Vietnamese Shakerato - Large,,,,15.0,pcs,3.2,48.0,Recipe:ING036
Menu Item,MENU0041,Vietnamese Shakerato - Large,,,,2.34,kg,12.0,28.08,Recipe:ING022
Menu Item,MENU0041,Vietnamese Shakerato - Large,,,,15.0,pcs,1.1,16.5,Recipe:ING038
Menu Item,MENU0041,Vietnamese Shakerato - Large,,,,15.0,pcs,0.32,4.8,Recipe:ING040
Menu Item,MENU0041,Vietnamese Shakerato - Large,,,,15.0,pcs,0.55,8.25,Recipe:ING039
Menu Item,MENU0041,Vietnamese Shakerato - Large,,,,0.2925,litre,90.0,26.32,Recipe:ING019
Menu Item,MENU0042,Classic Cold Coffee - Regular,,,,0.594,kg,980.0,582.12,Recipe:ING001
Menu Item,MENU0042,Classic Cold Coffee - Regular,,,,33.0,pcs,3.2,105.6,Recipe:ING036
Menu Item,MENU0042,Classic Cold Coffee - Regular,,,,3.96,kg,12.0,47.52,Recipe:ING022
Menu Item,MENU0042,Classic Cold Coffee - Regular,,,,33.0,pcs,1.1,36.3,Recipe:ING038
Menu Item,MENU0042,Classic Cold Coffee - Regular,,,,5.94,litre,72.0,427.68,Recipe:ING002
Menu Item,MENU0042,Classic Cold Coffee - Regular,,,,33.0,pcs,0.32,10.56,Recipe:ING040
Menu Item,MENU0042,Classic Cold Coffee - Regular,,,,33.0,pcs,0.55,18.15,Recipe:ING039
Menu Item,MENU0042,Classic Cold Coffee - Regular,,,,0.495,litre,90.0,44.55,Recipe:ING019
Menu Item,MENU0043,Classic Cold Coffee - Medium,,,,0.6624,kg,980.0,649.15,Recipe:ING001
Menu Item,MENU0043,Classic Cold Coffee - Medium,,,,32.0,pcs,3.2,102.4,Recipe:ING036
Menu Item,MENU0043,Classic Cold Coffee - Medium,,,,4.416,kg,12.0,52.99,Recipe:ING022
Menu Item,MENU0043,Classic Cold Coffee - Medium,,,,32.0,pcs,1.1,35.2,Recipe:ING038
Menu Item,MENU0043,Classic Cold Coffee - Medium,,,,6.624,litre,72.0,476.93,Recipe:ING002
Menu Item,MENU0043,Classic Cold Coffee - Medium,,,,32.0,pcs,0.32,10.24,Recipe:ING040
Menu Item,MENU0043,Classic Cold Coffee - Medium,,,,32.0,pcs,0.55,17.6,Recipe:ING039
Menu Item,MENU0043,Classic Cold Coffee - Medium,,,,0.5504,litre,90.0,49.54,Recipe:ING019
Menu Item,MENU0044,Classic Cold Coffee - Large,,,,0.3744,kg,980.0,366.91,Recipe:ING001
Menu Item,MENU0044,Classic Cold Coffee - Large,,,,16.0,pcs,3.2,51.2,Recipe:ING036
Menu Item,MENU0044,Classic Cold Coffee - Large,,,,2.496,kg,12.0,29.95,Recipe:ING022
Menu Item,MENU0044,Classic Cold Coffee - Large,,,,16.0,pcs,1.1,17.6,Recipe:ING038
Menu Item,MENU0044,Classic Cold Coffee - Large,,,,3.744,litre,72.0,269.57,Recipe:ING002
Menu Item,MENU0044,Classic Cold Coffee - Large,,,,16.0,pcs,0.32,5.12,Recipe:ING040
Menu Item,MENU0044,Classic Cold Coffee - Large,,,,16.0,pcs,0.55,8.8,Recipe:ING039
Menu Item,MENU0044,Classic Cold Coffee - Large,,,,0.312,litre,90.0,28.08,Recipe:ING019
Menu Item,MENU0045,Mocha Cold Coffee - Regular,,,,0.475,litre,260.0,123.5,Recipe:ING016
Menu Item,MENU0045,Mocha Cold Coffee - Regular,,,,0.342,kg,980.0,335.16,Recipe:ING001
Menu Item,MENU0045,Mocha Cold Coffee - Regular,,,,19.0,pcs,3.2,60.8,Recipe:ING036
Menu Item,MENU0045,Mocha Cold Coffee - Regular,,,,2.28,kg,12.0,27.36,Recipe:ING022
Menu Item,MENU0045,Mocha Cold Coffee - Regular,,,,19.0,pcs,1.1,20.9,Recipe:ING038
Menu Item,MENU0045,Mocha Cold Coffee - Regular,,,,3.42,litre,72.0,246.24,Recipe:ING002
Menu Item,MENU0045,Mocha Cold Coffee - Regular,,,,19.0,pcs,0.32,6.08,Recipe:ING040
Menu Item,MENU0045,Mocha Cold Coffee - Regular,,,,19.0,pcs,0.55,10.45,Recipe:ING039
Menu Item,MENU0045,Mocha Cold Coffee - Regular,,,,0.285,litre,90.0,25.65,Recipe:ING019
Menu Item,MENU0046,Mocha Cold Coffee - Medium,,,,0.9184,litre,260.0,238.78,Recipe:ING016
Menu Item,MENU0046,Mocha Cold Coffee - Medium,,,,0.6624,kg,980.0,649.15,Recipe:ING001
Menu Item,MENU0046,Mocha Cold Coffee - Medium,,,,32.0,pcs,3.2,102.4,Recipe:ING036
Menu Item,MENU0046,Mocha Cold Coffee - Medium,,,,4.416,kg,12.0,52.99,Recipe:ING022
Menu Item,MENU0046,Mocha Cold Coffee - Medium,,,,32.0,pcs,1.1,35.2,Recipe:ING038
Menu Item,MENU0046,Mocha Cold Coffee - Medium,,,,6.624,litre,72.0,476.93,Recipe:ING002
Menu Item,MENU0046,Mocha Cold Coffee - Medium,,,,32.0,pcs,0.32,10.24,Recipe:ING040
Menu Item,MENU0046,Mocha Cold Coffee - Medium,,,,32.0,pcs,0.55,17.6,Recipe:ING039
Menu Item,MENU0046,Mocha Cold Coffee - Medium,,,,0.5504,litre,90.0,49.54,Recipe:ING019
Menu Item,MENU0047,Mocha Cold Coffee - Large,,,,0.6175,litre,260.0,160.55,Recipe:ING016
Menu Item,MENU0047,Mocha Cold Coffee - Large,,,,0.4446,kg,980.0,435.71,Recipe:ING001
Menu Item,MENU0047,Mocha Cold Coffee - Large,,,,19.0,pcs,3.2,60.8,Recipe:ING036
Menu Item,MENU0047,Mocha Cold Coffee - Large,,,,2.964,kg,12.0,35.57,Recipe:ING022
Menu Item,MENU0047,Mocha Cold Coffee - Large,,,,19.0,pcs,1.1,20.9,Recipe:ING038
Menu Item,MENU0047,Mocha Cold Coffee - Large,,,,4.446,litre,72.0,320.11,Recipe:ING002
Menu Item,MENU0047,Mocha Cold Coffee - Large,,,,19.0,pcs,0.32,6.08,Recipe:ING040
Menu Item,MENU0047,Mocha Cold Coffee - Large,,,,19.0,pcs,0.55,10.45,Recipe:ING039
Menu Item,MENU0047,Mocha Cold Coffee - Large,,,,0.3705,litre,90.0,33.34,Recipe:ING019
Menu Item,MENU0048,Caramel Cold Coffee - Regular,,,,0.875,litre,250.0,218.75,Recipe:ING017
Menu Item,MENU0048,Caramel Cold Coffee - Regular,,,,0.63,kg,980.0,617.4,Recipe:ING001
Menu Item,MENU0048,Caramel Cold Coffee - Regular,,,,35.0,pcs,3.2,112.0,Recipe:ING036
Menu Item,MENU0048,Caramel Cold Coffee - Regular,,,,4.2,kg,12.0,50.4,Recipe:ING022
Menu Item,MENU0048,Caramel Cold Coffee - Regular,,,,35.0,pcs,1.1,38.5,Recipe:ING038
Menu Item,MENU0048,Caramel Cold Coffee - Regular,,,,6.3,litre,72.0,453.6,Recipe:ING002
Menu Item,MENU0048,Caramel Cold Coffee - Regular,,,,35.0,pcs,0.32,11.2,Recipe:ING040
Menu Item,MENU0048,Caramel Cold Coffee - Regular,,,,35.0,pcs,0.55,19.25,Recipe:ING039
Menu Item,MENU0048,Caramel Cold Coffee - Regular,,,,0.525,litre,90.0,47.25,Recipe:ING019
Menu Item,MENU0049,Caramel Cold Coffee - Medium,,,,0.7749,litre,250.0,193.72,Recipe:ING017
Menu Item,MENU0049,Caramel Cold Coffee - Medium,,,,0.5589,kg,980.0,547.72,Recipe:ING001
Menu Item,MENU0049,Caramel Cold Coffee - Medium,,,,27.0,pcs,3.2,86.4,Recipe:ING036
Menu Item,MENU0049,Caramel Cold Coffee - Medium,,,,3.726,kg,12.0,44.71,Recipe:ING022
Menu Item,MENU0049,Caramel Cold Coffee - Medium,,,,27.0,pcs,1.1,29.7,Recipe:ING038
Menu Item,MENU0049,Caramel Cold Coffee - Medium,,,,5.589,litre,72.0,402.41,Recipe:ING002
Menu Item,MENU0049,Caramel Cold Coffee - Medium,,,,27.0,pcs,0.32,8.64,Recipe:ING040
Menu Item,MENU0049,Caramel Cold Coffee - Medium,,,,27.0,pcs,0.55,14.85,Recipe:ING039
Menu Item,MENU0049,Caramel Cold Coffee - Medium,,,,0.4644,litre,90.0,41.8,Recipe:ING019
Menu Item,MENU0050,Caramel Cold Coffee - Large,,,,0.78,litre,250.0,195.0,Recipe:ING017
Menu Item,MENU0050,Caramel Cold Coffee - Large,,,,0.5616,kg,980.0,550.37,Recipe:ING001
Menu Item,MENU0050,Caramel Cold Coffee - Large,,,,24.0,pcs,3.2,76.8,Recipe:ING036
Menu Item,MENU0050,Caramel Cold Coffee - Large,,,,3.744,kg,12.0,44.93,Recipe:ING022
Menu Item,MENU0050,Caramel Cold Coffee - Large,,,,24.0,pcs,1.1,26.4,Recipe:ING038
Menu Item,MENU0050,Caramel Cold Coffee - Large,,,,5.616,litre,72.0,404.35,Recipe:ING002
Menu Item,MENU0050,Caramel Cold Coffee - Large,,,,24.0,pcs,0.32,7.68,Recipe:ING040
Menu Item,MENU0050,Caramel Cold Coffee - Large,,,,24.0,pcs,0.55,13.2,Recipe:ING039
Menu Item,MENU0050,Caramel Cold Coffee - Large,,,,0.468,litre,90.0,42.12,Recipe:ING019
Menu Item,MENU0051,Masala Chai Latte - Regular,,,,0.324,kg,980.0,317.52,Recipe:ING001
Menu Item,MENU0051,Masala Chai Latte - Regular,,,,18.0,pcs,2.8,50.4,Recipe:ING037
Menu Item,MENU0051,Masala Chai Latte - Regular,,,,18.0,pcs,1.1,19.8,Recipe:ING038
Menu Item,MENU0051,Masala Chai Latte - Regular,,,,3.24,litre,72.0,233.28,Recipe:ING002
Menu Item,MENU0051,Masala Chai Latte - Regular,,,,18.0,pcs,0.32,5.76,Recipe:ING040
Menu Item,MENU0051,Masala Chai Latte - Regular,,,,0.27,litre,90.0,24.3,Recipe:ING019
Menu Item,MENU0052,Masala Chai Latte - Medium,,,,0.3933,kg,980.0,385.43,Recipe:ING001
Menu Item,MENU0052,Masala Chai Latte - Medium,,,,19.0,pcs,2.8,53.2,Recipe:ING037
Menu Item,MENU0052,Masala Chai Latte - Medium,,,,19.0,pcs,1.1,20.9,Recipe:ING038
Menu Item,MENU0052,Masala Chai Latte - Medium,,,,3.933,litre,72.0,283.18,Recipe:ING002
Menu Item,MENU0052,Masala Chai Latte - Medium,,,,19.0,pcs,0.32,6.08,Recipe:ING040
Menu Item,MENU0052,Masala Chai Latte - Medium,,,,0.3268,litre,90.0,29.41,Recipe:ING019
Menu Item,MENU0053,Masala Chai Latte - Large,,,,0.2574,kg,980.0,252.25,Recipe:ING001
Menu Item,MENU0053,Masala Chai Latte - Large,,,,11.0,pcs,2.8,30.8,Recipe:ING037
Menu Item,MENU0053,Masala Chai Latte - Large,,,,11.0,pcs,1.1,12.1,Recipe:ING038
Menu Item,MENU0053,Masala Chai Latte - Large,,,,2.574,litre,72.0,185.33,Recipe:ING002
Menu Item,MENU0053,Masala Chai Latte - Large,,,,11.0,pcs,0.32,3.52,Recipe:ING040
Menu Item,MENU0053,Masala Chai Latte - Large,,,,0.2145,litre,90.0,19.3,Recipe:ING019
Menu Item,MENU0054,Himalayan Green Tea,,,,20.0,pcs,2.8,56.0,Recipe:ING037
Menu Item,MENU0054,Himalayan Green Tea,,,,20.0,pcs,1.1,22.0,Recipe:ING038
Menu Item,MENU0054,Himalayan Green Tea,,,,20.0,pcs,0.32,6.4,Recipe:ING040
Menu Item,MENU0054,Himalayan Green Tea,,,,0.3,litre,90.0,27.0,Recipe:ING019
Menu Item,MENU0054,Himalayan Green Tea,,,,0.1,kg,620.0,62.0,Recipe:ING020
Menu Item,MENU0055,Japanese Matcha Latte - Regular,,,,0.468,kg,980.0,458.64,Recipe:ING001
Menu Item,MENU0055,Japanese Matcha Latte - Regular,,,,26.0,pcs,2.8,72.8,Recipe:ING037
Menu Item,MENU0055,Japanese Matcha Latte - Regular,,,,26.0,pcs,1.1,28.6,Recipe:ING038
Menu Item,MENU0055,Japanese Matcha Latte - Regular,,,,4.68,litre,72.0,336.96,Recipe:ING002
Menu Item,MENU0055,Japanese Matcha Latte - Regular,,,,26.0,pcs,0.32,8.32,Recipe:ING040
Menu Item,MENU0055,Japanese Matcha Latte - Regular,,,,0.39,litre,90.0,35.1,Recipe:ING019
Menu Item,MENU0056,Japanese Matcha Latte - Medium,,,,0.4554,kg,980.0,446.29,Recipe:ING001
Menu Item,MENU0056,Japanese Matcha Latte - Medium,,,,22.0,pcs,2.8,61.6,Recipe:ING037
Menu Item,MENU0056,Japanese Matcha Latte - Medium,,,,22.0,pcs,1.1,24.2,Recipe:ING038
Menu Item,MENU0056,Japanese Matcha Latte - Medium,,,,4.554,litre,72.0,327.89,Recipe:ING002
Menu Item,MENU0056,Japanese Matcha Latte - Medium,,,,22.0,pcs,0.32,7.04,Recipe:ING040
Menu Item,MENU0056,Japanese Matcha Latte - Medium,,,,0.3784,litre,90.0,34.06,Recipe:ING019
Menu Item,MENU0057,Japanese Matcha Latte - Large,,,,0.4212,kg,980.0,412.78,Recipe:ING001
Menu Item,MENU0057,Japanese Matcha Latte - Large,,,,18.0,pcs,2.8,50.4,Recipe:ING037
Menu Item,MENU0057,Japanese Matcha Latte - Large,,,,18.0,pcs,1.1,19.8,Recipe:ING038
Menu Item,MENU0057,Japanese Matcha Latte - Large,,,,4.212,litre,72.0,303.26,Recipe:ING002
Menu Item,MENU0057,Japanese Matcha Latte - Large,,,,18.0,pcs,0.32,5.76,Recipe:ING040
Menu Item,MENU0057,Japanese Matcha Latte - Large,,,,0.351,litre,90.0,31.59,Recipe:ING019
Menu Item,MENU0058,Lemon Iced Tea - Regular,,,,20.0,pcs,3.2,64.0,Recipe:ING036
Menu Item,MENU0058,Lemon Iced Tea - Regular,,,,2.4,kg,12.0,28.8,Recipe:ING022
Menu Item,MENU0058,Lemon Iced Tea - Regular,,,,0.7,kg,110.0,77.0,Recipe:ING023
Menu Item,MENU0058,Lemon Iced Tea - Regular,,,,20.0,pcs,1.1,22.0,Recipe:ING038
Menu Item,MENU0058,Lemon Iced Tea - Regular,,,,20.0,pcs,0.32,6.4,Recipe:ING040
Menu Item,MENU0058,Lemon Iced Tea - Regular,,,,20.0,pcs,0.55,11.0,Recipe:ING039
Menu Item,MENU0058,Lemon Iced Tea - Regular,,,,0.3,litre,90.0,27.0,Recipe:ING019
Menu Item,MENU0058,Lemon Iced Tea - Regular,,,,0.08,kg,620.0,49.6,Recipe:ING020
Menu Item,MENU0059,Lemon Iced Tea - Medium,,,,17.0,pcs,3.2,54.4,Recipe:ING036
Menu Item,MENU0059,Lemon Iced Tea - Medium,,,,2.346,kg,12.0,28.15,Recipe:ING022
Menu Item,MENU0059,Lemon Iced Tea - Medium,,,,0.6851,kg,110.0,75.36,Recipe:ING023
Menu Item,MENU0059,Lemon Iced Tea - Medium,,,,17.0,pcs,1.1,18.7,Recipe:ING038
Menu Item,MENU0059,Lemon Iced Tea - Medium,,,,17.0,pcs,0.32,5.44,Recipe:ING040
Menu Item,MENU0059,Lemon Iced Tea - Medium,,,,17.0,pcs,0.55,9.35,Recipe:ING039
Menu Item,MENU0059,Lemon Iced Tea - Medium,,,,0.2924,litre,90.0,26.32,Recipe:ING019
Menu Item,MENU0059,Lemon Iced Tea - Medium,,,,0.0782,kg,620.0,48.48,Recipe:ING020
Menu Item,MENU0060,Lemon Iced Tea - Large,,,,10.0,pcs,3.2,32.0,Recipe:ING036
Menu Item,MENU0060,Lemon Iced Tea - Large,,,,1.56,kg,12.0,18.72,Recipe:ING022
Menu Item,MENU0060,Lemon Iced Tea - Large,,,,0.455,kg,110.0,50.05,Recipe:ING023
Menu Item,MENU0060,Lemon Iced Tea - Large,,,,10.0,pcs,1.1,11.0,Recipe:ING038
Menu Item,MENU0060,Lemon Iced Tea - Large,,,,10.0,pcs,0.32,3.2,Recipe:ING040
Menu Item,MENU0060,Lemon Iced Tea - Large,,,,10.0,pcs,0.55,5.5,Recipe:ING039
Menu Item,MENU0060,Lemon Iced Tea - Large,,,,0.195,litre,90.0,17.55,Recipe:ING019
Menu Item,MENU0060,Lemon Iced Tea - Large,,,,0.052,kg,620.0,32.24,Recipe:ING020
Menu Item,MENU0061,Hibiscus Lime Iced Tea - Regular,,,,19.0,pcs,3.2,60.8,Recipe:ING036
Menu Item,MENU0061,Hibiscus Lime Iced Tea - Regular,,,,0.665,litre,390.0,259.35,Recipe:ING024
Menu Item,MENU0061,Hibiscus Lime Iced Tea - Regular,,,,2.28,kg,12.0,27.36,Recipe:ING022
Menu Item,MENU0061,Hibiscus Lime Iced Tea - Regular,,,,19.0,pcs,1.1,20.9,Recipe:ING038
Menu Item,MENU0061,Hibiscus Lime Iced Tea - Regular,,,,19.0,pcs,0.32,6.08,Recipe:ING040
Menu Item,MENU0061,Hibiscus Lime Iced Tea - Regular,,,,19.0,pcs,0.55,10.45,Recipe:ING039
Menu Item,MENU0061,Hibiscus Lime Iced Tea - Regular,,,,0.285,litre,90.0,25.65,Recipe:ING019
Menu Item,MENU0061,Hibiscus Lime Iced Tea - Regular,,,,0.076,kg,620.0,47.12,Recipe:ING020
Menu Item,MENU0062,Hibiscus Lime Iced Tea - Medium,,,,19.0,pcs,3.2,60.8,Recipe:ING036
Menu Item,MENU0062,Hibiscus Lime Iced Tea - Medium,,,,0.7657,litre,390.0,298.62,Recipe:ING024
Menu Item,MENU0062,Hibiscus Lime Iced Tea - Medium,,,,2.622,kg,12.0,31.46,Recipe:ING022
Menu Item,MENU0062,Hibiscus Lime Iced Tea - Medium,,,,19.0,pcs,1.1,20.9,Recipe:ING038
Menu Item,MENU0062,Hibiscus Lime Iced Tea - Medium,,,,19.0,pcs,0.32,6.08,Recipe:ING040
Menu Item,MENU0062,Hibiscus Lime Iced Tea - Medium,,,,19.0,pcs,0.55,10.45,Recipe:ING039
Menu Item,MENU0062,Hibiscus Lime Iced Tea - Medium,,,,0.3268,litre,90.0,29.41,Recipe:ING019
Menu Item,MENU0062,Hibiscus Lime Iced Tea - Medium,,,,0.0874,kg,620.0,54.19,Recipe:ING020
Menu Item,MENU0063,Hibiscus Lime Iced Tea - Large,,,,9.0,pcs,3.2,28.8,Recipe:ING036
Menu Item,MENU0063,Hibiscus Lime Iced Tea - Large,,,,0.4095,litre,390.0,159.7,Recipe:ING024
Menu Item,MENU0063,Hibiscus Lime Iced Tea - Large,,,,1.404,kg,12.0,16.85,Recipe:ING022
Menu Item,MENU0063,Hibiscus Lime Iced Tea - Large,,,,9.0,pcs,1.1,9.9,Recipe:ING038
Menu Item,MENU0063,Hibiscus Lime Iced Tea - Large,,,,9.0,pcs,0.32,2.88,Recipe:ING040
Menu Item,MENU0063,Hibiscus Lime Iced Tea - Large,,,,9.0,pcs,0.55,4.95,Recipe:ING039
Menu Item,MENU0063,Hibiscus Lime Iced Tea - Large,,,,0.1755,litre,90.0,15.79,Recipe:ING019
Menu Item,MENU0063,Hibiscus Lime Iced Tea - Large,,,,0.0468,kg,620.0,29.02,Recipe:ING020
Menu Item,MENU0064,Hot Chocolate - Regular,,,,0.24,litre,260.0,62.4,Recipe:ING016
Menu Item,MENU0064,Hot Chocolate - Regular,,,,4.0,pcs,2.8,11.2,Recipe:ING037
Menu Item,MENU0064,Hot Chocolate - Regular,,,,4.0,pcs,1.1,4.4,Recipe:ING038
Menu Item,MENU0064,Hot Chocolate - Regular,,,,0.8,litre,72.0,57.6,Recipe:ING002
Menu Item,MENU0064,Hot Chocolate - Regular,,,,4.0,pcs,0.32,1.28,Recipe:ING040
Menu Item,MENU0064,Hot Chocolate - Regular,,,,0.06,litre,90.0,5.4,Recipe:ING019
Menu Item,MENU0065,Hot Chocolate - Medium,,,,0.207,litre,260.0,53.82,Recipe:ING016
Menu Item,MENU0065,Hot Chocolate - Medium,,,,3.0,pcs,2.8,8.4,Recipe:ING037
Menu Item,MENU0065,Hot Chocolate - Medium,,,,3.0,pcs,1.1,3.3,Recipe:ING038
Menu Item,MENU0065,Hot Chocolate - Medium,,,,0.69,litre,72.0,49.68,Recipe:ING002
Menu Item,MENU0065,Hot Chocolate - Medium,,,,3.0,pcs,0.32,0.96,Recipe:ING040
Menu Item,MENU0065,Hot Chocolate - Medium,,,,0.0516,litre,90.0,4.64,Recipe:ING019
Menu Item,MENU0066,Hot Chocolate - Large,,,,0.078,litre,260.0,20.28,Recipe:ING016
Menu Item,MENU0066,Hot Chocolate - Large,,,,1.0,pcs,2.8,2.8,Recipe:ING037
Menu Item,MENU0066,Hot Chocolate - Large,,,,1.0,pcs,1.1,1.1,Recipe:ING038
Menu Item,MENU0066,Hot Chocolate - Large,,,,0.26,litre,72.0,18.72,Recipe:ING002
Menu Item,MENU0066,Hot Chocolate - Large,,,,1.0,pcs,0.32,0.32,Recipe:ING040
Menu Item,MENU0066,Hot Chocolate - Large,,,,0.0195,litre,90.0,1.75,Recipe:ING019
Menu Item,MENU0067,Babyccino - Regular,,,,3.0,pcs,2.8,8.4,Recipe:ING037
Menu Item,MENU0067,Babyccino - Regular,,,,3.0,pcs,1.1,3.3,Recipe:ING038
Menu Item,MENU0067,Babyccino - Regular,,,,0.36,litre,72.0,25.92,Recipe:ING002
Menu Item,MENU0067,Babyccino - Regular,,,,3.0,pcs,0.32,0.96,Recipe:ING040
Menu Item,MENU0067,Babyccino - Regular,,,,0.045,litre,90.0,4.05,Recipe:ING019
Menu Item,MENU0068,Choco Chip Shake - Regular,,,,0.475,litre,260.0,123.5,Recipe:ING016
Menu Item,MENU0068,Choco Chip Shake - Regular,,,,19.0,pcs,3.2,60.8,Recipe:ING036
Menu Item,MENU0068,Choco Chip Shake - Regular,,,,0.475,litre,210.0,99.75,Recipe:ING004
Menu Item,MENU0068,Choco Chip Shake - Regular,,,,2.28,kg,12.0,27.36,Recipe:ING022
Menu Item,MENU0068,Choco Chip Shake - Regular,,,,19.0,pcs,1.1,20.9,Recipe:ING038
Menu Item,MENU0068,Choco Chip Shake - Regular,,,,3.8,litre,72.0,273.6,Recipe:ING002
Menu Item,MENU0068,Choco Chip Shake - Regular,,,,19.0,pcs,0.32,6.08,Recipe:ING040
Menu Item,MENU0068,Choco Chip Shake - Regular,,,,19.0,pcs,0.55,10.45,Recipe:ING039
Menu Item,MENU0068,Choco Chip Shake - Regular,,,,0.285,litre,90.0,25.65,Recipe:ING019
Menu Item,MENU0069,Choco Chip Shake - Medium,,,,0.8036,litre,260.0,208.94,Recipe:ING016
Menu Item,MENU0069,Choco Chip Shake - Medium,,,,28.0,pcs,3.2,89.6,Recipe:ING036
Menu Item,MENU0069,Choco Chip Shake - Medium,,,,0.8036,litre,210.0,168.76,Recipe:ING004
Menu Item,MENU0069,Choco Chip Shake - Medium,,,,3.864,kg,12.0,46.37,Recipe:ING022
Menu Item,MENU0069,Choco Chip Shake - Medium,,,,28.0,pcs,1.1,30.8,Recipe:ING038
Menu Item,MENU0069,Choco Chip Shake - Medium,,,,6.44,litre,72.0,463.68,Recipe:ING002
Menu Item,MENU0069,Choco Chip Shake - Medium,,,,28.0,pcs,0.32,8.96,Recipe:ING040
Menu Item,MENU0069,Choco Chip Shake - Medium,,,,28.0,pcs,0.55,15.4,Recipe:ING039
Menu Item,MENU0069,Choco Chip Shake - Medium,,,,0.4816,litre,90.0,43.34,Recipe:ING019
Menu Item,MENU0070,Choco Chip Shake - Large,,,,0.4225,litre,260.0,109.85,Recipe:ING016
Menu Item,MENU0070,Choco Chip Shake - Large,,,,13.0,pcs,3.2,41.6,Recipe:ING036
Menu Item,MENU0070,Choco Chip Shake - Large,,,,0.4225,litre,210.0,88.72,Recipe:ING004
Menu Item,MENU0070,Choco Chip Shake - Large,,,,2.028,kg,12.0,24.34,Recipe:ING022
Menu Item,MENU0070,Choco Chip Shake - Large,,,,13.0,pcs,1.1,14.3,Recipe:ING038
Menu Item,MENU0070,Choco Chip Shake - Large,,,,3.38,litre,72.0,243.36,Recipe:ING002
Menu Item,MENU0070,Choco Chip Shake - Large,,,,13.0,pcs,0.32,4.16,Recipe:ING040
Menu Item,MENU0070,Choco Chip Shake - Large,,,,13.0,pcs,0.55,7.15,Recipe:ING039
Menu Item,MENU0070,Choco Chip Shake - Large,,,,0.2535,litre,90.0,22.82,Recipe:ING019
Menu Item,MENU0071,Mixed Berry Shake - Regular,,,,25.0,pcs,3.2,80.0,Recipe:ING036
Menu Item,MENU0071,Mixed Berry Shake - Regular,,,,0.625,litre,210.0,131.25,Recipe:ING004
Menu Item,MENU0071,Mixed Berry Shake - Regular,,,,3.0,kg,12.0,36.0,Recipe:ING022
Menu Item,MENU0071,Mixed Berry Shake - Regular,,,,25.0,pcs,1.1,27.5,Recipe:ING038
Menu Item,MENU0071,Mixed Berry Shake - Regular,,,,5.0,litre,72.0,360.0,Recipe:ING002
Menu Item,MENU0071,Mixed Berry Shake - Regular,,,,2.0,kg,420.0,840.0,Recipe:ING025
Menu Item,MENU0071,Mixed Berry Shake - Regular,,,,25.0,pcs,0.32,8.0,Recipe:ING040
Menu Item,MENU0071,Mixed Berry Shake - Regular,,,,25.0,pcs,0.55,13.75,Recipe:ING039
Menu Item,MENU0071,Mixed Berry Shake - Regular,,,,0.375,litre,90.0,33.75,Recipe:ING019
Menu Item,MENU0072,Mixed Berry Shake - Medium,,,,16.0,pcs,3.2,51.2,Recipe:ING036
Menu Item,MENU0072,Mixed Berry Shake - Medium,,,,0.4592,litre,210.0,96.43,Recipe:ING004
Menu Item,MENU0072,Mixed Berry Shake - Medium,,,,2.208,kg,12.0,26.5,Recipe:ING022
Menu Item,MENU0072,Mixed Berry Shake - Medium,,,,16.0,pcs,1.1,17.6,Recipe:ING038
Menu Item,MENU0072,Mixed Berry Shake - Medium,,,,3.68,litre,72.0,264.96,Recipe:ING002
Menu Item,MENU0072,Mixed Berry Shake - Medium,,,,1.472,kg,420.0,618.24,Recipe:ING025
Menu Item,MENU0072,Mixed Berry Shake - Medium,,,,16.0,pcs,0.32,5.12,Recipe:ING040
Menu Item,MENU0072,Mixed Berry Shake - Medium,,,,16.0,pcs,0.55,8.8,Recipe:ING039
Menu Item,MENU0072,Mixed Berry Shake - Medium,,,,0.2752,litre,90.0,24.77,Recipe:ING019
Menu Item,MENU0073,Mixed Berry Shake - Large,,,,11.0,pcs,3.2,35.2,Recipe:ING036
Menu Item,MENU0073,Mixed Berry Shake - Large,,,,0.3575,litre,210.0,75.08,Recipe:ING004
Menu Item,MENU0073,Mixed Berry Shake - Large,,,,1.716,kg,12.0,20.59,Recipe:ING022
Menu Item,MENU0073,Mixed Berry Shake - Large,,,,11.0,pcs,1.1,12.1,Recipe:ING038
Menu Item,MENU0073,Mixed Berry Shake - Large,,,,2.86,litre,72.0,205.92,Recipe:ING002
Menu Item,MENU0073,Mixed Berry Shake - Large,,,,1.144,kg,420.0,480.48,Recipe:ING025
Menu Item,MENU0073,Mixed Berry Shake - Large,,,,11.0,pcs,0.32,3.52,Recipe:ING040
Menu Item,MENU0073,Mixed Berry Shake - Large,,,,11.0,pcs,0.55,6.05,Recipe:ING039
Menu Item,MENU0073,Mixed Berry Shake - Large,,,,0.2145,litre,90.0,19.3,Recipe:ING019
Menu Item,MENU0074,Seasonal Smoothie - Regular,,,,1.68,kg,72.0,120.96,Recipe:ING026
Menu Item,MENU0074,Seasonal Smoothie - Regular,,,,21.0,pcs,3.2,67.2,Recipe:ING036
Menu Item,MENU0074,Seasonal Smoothie - Regular,,,,0.525,litre,210.0,110.25,Recipe:ING004
Menu Item,MENU0074,Seasonal Smoothie - Regular,,,,2.52,kg,12.0,30.24,Recipe:ING022
Menu Item,MENU0074,Seasonal Smoothie - Regular,,,,21.0,pcs,1.1,23.1,Recipe:ING038
Menu Item,MENU0074,Seasonal Smoothie - Regular,,,,4.2,litre,72.0,302.4,Recipe:ING002
Menu Item,MENU0074,Seasonal Smoothie - Regular,,,,21.0,pcs,0.32,6.72,Recipe:ING040
Menu Item,MENU0074,Seasonal Smoothie - Regular,,,,21.0,pcs,0.55,11.55,Recipe:ING039
Menu Item,MENU0074,Seasonal Smoothie - Regular,,,,0.315,litre,90.0,28.35,Recipe:ING019
Menu Item,MENU0075,Seasonal Smoothie - Medium,,,,1.38,kg,72.0,99.36,Recipe:ING026
Menu Item,MENU0075,Seasonal Smoothie - Medium,,,,15.0,pcs,3.2,48.0,Recipe:ING036
Menu Item,MENU0075,Seasonal Smoothie - Medium,,,,0.4305,litre,210.0,90.41,Recipe:ING004
Menu Item,MENU0075,Seasonal Smoothie - Medium,,,,2.07,kg,12.0,24.84,Recipe:ING022
Menu Item,MENU0075,Seasonal Smoothie - Medium,,,,15.0,pcs,1.1,16.5,Recipe:ING038
Menu Item,MENU0075,Seasonal Smoothie - Medium,,,,3.45,litre,72.0,248.4,Recipe:ING002
Menu Item,MENU0075,Seasonal Smoothie - Medium,,,,15.0,pcs,0.32,4.8,Recipe:ING040
Menu Item,MENU0075,Seasonal Smoothie - Medium,,,,15.0,pcs,0.55,8.25,Recipe:ING039
Menu Item,MENU0075,Seasonal Smoothie - Medium,,,,0.258,litre,90.0,23.22,Recipe:ING019
Menu Item,MENU0076,Seasonal Smoothie - Large,,,,0.936,kg,72.0,67.39,Recipe:ING026
Menu Item,MENU0076,Seasonal Smoothie - Large,,,,9.0,pcs,3.2,28.8,Recipe:ING036
Menu Item,MENU0076,Seasonal Smoothie - Large,,,,0.2925,litre,210.0,61.42,Recipe:ING004
Menu Item,MENU0076,Seasonal Smoothie - Large,,,,1.404,kg,12.0,16.85,Recipe:ING022
Menu Item,MENU0076,Seasonal Smoothie - Large,,,,9.0,pcs,1.1,9.9,Recipe:ING038
Menu Item,MENU0076,Seasonal Smoothie - Large,,,,2.34,litre,72.0,168.48,Recipe:ING002
Menu Item,MENU0076,Seasonal Smoothie - Large,,,,9.0,pcs,0.32,2.88,Recipe:ING040
Menu Item,MENU0076,Seasonal Smoothie - Large,,,,9.0,pcs,0.55,4.95,Recipe:ING039
Menu Item,MENU0076,Seasonal Smoothie - Large,,,,0.1755,litre,90.0,15.79,Recipe:ING019
Menu Item,MENU0077,Spicy Paneer Wrap,,,,0.475,kg,84.0,39.9,Recipe:ING030
Menu Item,MENU0077,Spicy Paneer Wrap,,,,0.475,kg,280.0,133.0,Recipe:ING033
Menu Item,MENU0077,Spicy Paneer Wrap,,,,0.475,kg,95.0,45.12,Recipe:ING028
Menu Item,MENU0077,Spicy Paneer Wrap,,,,38.0,pcs,0.32,12.16,Recipe:ING040
Menu Item,MENU0077,Spicy Paneer Wrap,,,,0.38,kg,42.0,15.96,Recipe:ING029
Menu Item,MENU0077,Spicy Paneer Wrap,,,,2.09,kg,360.0,752.4,Recipe:ING005
Menu Item,MENU0077,Spicy Paneer Wrap,,,,19.0,pcs,15.0,285.0,Recipe:ING011
Menu Item,MENU0077,Spicy Paneer Wrap,,,,19.0,pcs,5.8,110.2,Recipe:ING043
Menu Item,MENU0078,Shredded Chicken Wrap,,,,0.7,kg,84.0,58.8,Recipe:ING030
Menu Item,MENU0078,Shredded Chicken Wrap,,,,3.08,kg,330.0,1016.4,Recipe:ING007
Menu Item,MENU0078,Shredded Chicken Wrap,,,,0.7,kg,280.0,196.0,Recipe:ING033
Menu Item,MENU0078,Shredded Chicken Wrap,,,,0.7,kg,95.0,66.5,Recipe:ING028
Menu Item,MENU0078,Shredded Chicken Wrap,,,,56.0,pcs,0.32,17.92,Recipe:ING040
Menu Item,MENU0078,Shredded Chicken Wrap,,,,0.56,kg,42.0,23.52,Recipe:ING029
Menu Item,MENU0078,Shredded Chicken Wrap,,,,28.0,pcs,15.0,420.0,Recipe:ING011
Menu Item,MENU0078,Shredded Chicken Wrap,,,,28.0,pcs,5.8,162.4,Recipe:ING043
Menu Item,MENU0079,Smoked Chipotle Paneer Sandwich,,,,52.0,pcs,12.0,624.0,Recipe:ING009
Menu Item,MENU0079,Smoked Chipotle Paneer Sandwich,,,,0.78,kg,480.0,374.4,Recipe:ING006
Menu Item,MENU0079,Smoked Chipotle Paneer Sandwich,,,,0.52,kg,280.0,145.6,Recipe:ING033
Menu Item,MENU0079,Smoked Chipotle Paneer Sandwich,,,,0.52,kg,95.0,49.4,Recipe:ING028
Menu Item,MENU0079,Smoked Chipotle Paneer Sandwich,,,,52.0,pcs,0.32,16.64,Recipe:ING040
Menu Item,MENU0079,Smoked Chipotle Paneer Sandwich,,,,2.6,kg,360.0,936.0,Recipe:ING005
Menu Item,MENU0079,Smoked Chipotle Paneer Sandwich,,,,26.0,pcs,6.5,169.0,Recipe:ING042
Menu Item,MENU0079,Smoked Chipotle Paneer Sandwich,,,,0.78,kg,54.0,42.12,Recipe:ING031
Menu Item,MENU0080,Pesto Veg Sandwich,,,,36.0,pcs,12.0,432.0,Recipe:ING009
Menu Item,MENU0080,Pesto Veg Sandwich,,,,0.54,kg,480.0,259.2,Recipe:ING006
Menu Item,MENU0080,Pesto Veg Sandwich,,,,0.36,kg,95.0,34.2,Recipe:ING028
Menu Item,MENU0080,Pesto Veg Sandwich,,,,36.0,pcs,0.32,11.52,Recipe:ING040
Menu Item,MENU0080,Pesto Veg Sandwich,,,,1.8,kg,360.0,648.0,Recipe:ING005
Menu Item,MENU0080,Pesto Veg Sandwich,,,,0.36,kg,340.0,122.4,Recipe:ING032
Menu Item,MENU0080,Pesto Veg Sandwich,,,,18.0,pcs,6.5,117.0,Recipe:ING042
Menu Item,MENU0080,Pesto Veg Sandwich,,,,0.54,kg,54.0,29.16,Recipe:ING031
Menu Item,MENU0081,Pepper Chicken Sandwich,,,,22.0,pcs,12.0,264.0,Recipe:ING009
Menu Item,MENU0081,Pepper Chicken Sandwich,,,,0.33,kg,480.0,158.4,Recipe:ING006
Menu Item,MENU0081,Pepper Chicken Sandwich,,,,1.1,kg,330.0,363.0,Recipe:ING007
Menu Item,MENU0081,Pepper Chicken Sandwich,,,,0.22,kg,280.0,61.6,Recipe:ING033
Menu Item,MENU0081,Pepper Chicken Sandwich,,,,0.22,kg,95.0,20.9,Recipe:ING028
Menu Item,MENU0081,Pepper Chicken Sandwich,,,,22.0,pcs,0.32,7.04,Recipe:ING040
Menu Item,MENU0081,Pepper Chicken Sandwich,,,,11.0,pcs,6.5,71.5,Recipe:ING042
Menu Item,MENU0081,Pepper Chicken Sandwich,,,,0.33,kg,54.0,17.82,Recipe:ING031
Menu Item,MENU0082,Tandoori Chicken Sandwich,,,,54.0,pcs,12.0,648.0,Recipe:ING009
Menu Item,MENU0082,Tandoori Chicken Sandwich,,,,0.81,kg,480.0,388.8,Recipe:ING006
Menu Item,MENU0082,Tandoori Chicken Sandwich,,,,2.7,kg,330.0,891.0,Recipe:ING007
Menu Item,MENU0082,Tandoori Chicken Sandwich,,,,0.54,kg,280.0,151.2,Recipe:ING033
Menu Item,MENU0082,Tandoori Chicken Sandwich,,,,0.54,kg,95.0,51.3,Recipe:ING028
Menu Item,MENU0082,Tandoori Chicken Sandwich,,,,54.0,pcs,0.32,17.28,Recipe:ING040
Menu Item,MENU0082,Tandoori Chicken Sandwich,,,,27.0,pcs,6.5,175.5,Recipe:ING042
Menu Item,MENU0082,Tandoori Chicken Sandwich,,,,0.81,kg,54.0,43.74,Recipe:ING031
Menu Item,MENU0083,Chilli Cheese Garlic Toast,,,,0.18,kg,310.0,55.8,Recipe:ING035
Menu Item,MENU0083,Chilli Cheese Garlic Toast,,,,9.0,pcs,12.0,108.0,Recipe:ING009
Menu Item,MENU0083,Chilli Cheese Garlic Toast,,,,0.315,kg,480.0,151.2,Recipe:ING006
Menu Item,MENU0083,Chilli Cheese Garlic Toast,,,,18.0,pcs,0.32,5.76,Recipe:ING040
Menu Item,MENU0083,Chilli Cheese Garlic Toast,,,,9.0,pcs,6.5,58.5,Recipe:ING042
Menu Item,MENU0084,Chicken Pepperoni Avocado Toast,,,,0.26,kg,310.0,80.6,Recipe:ING035
Menu Item,MENU0084,Chicken Pepperoni Avocado Toast,,,,13.0,pcs,12.0,156.0,Recipe:ING009
Menu Item,MENU0084,Chicken Pepperoni Avocado Toast,,,,0.455,kg,480.0,218.4,Recipe:ING006
Menu Item,MENU0084,Chicken Pepperoni Avocado Toast,,,,1.04,kg,330.0,343.2,Recipe:ING007
Menu Item,MENU0084,Chicken Pepperoni Avocado Toast,,,,26.0,pcs,0.32,8.32,Recipe:ING040
Menu Item,MENU0084,Chicken Pepperoni Avocado Toast,,,,13.0,pcs,6.5,84.5,Recipe:ING042
Menu Item,MENU0085,Hummus and Pita Platter,,,,0.18,kg,310.0,55.8,Recipe:ING035
Menu Item,MENU0085,Hummus and Pita Platter,,,,12.0,pcs,12.0,144.0,Recipe:ING009
Menu Item,MENU0085,Hummus and Pita Platter,,,,0.18,kg,95.0,17.1,Recipe:ING028
Menu Item,MENU0085,Hummus and Pita Platter,,,,12.0,pcs,0.32,3.84,Recipe:ING040
Menu Item,MENU0085,Hummus and Pita Platter,,,,6.0,pcs,6.5,39.0,Recipe:ING042
Menu Item,MENU0085,Hummus and Pita Platter,,,,0.24,kg,54.0,12.96,Recipe:ING031
Menu Item,MENU0086,Breakfast Pancakes,,,,0.25,kg,520.0,130.0,Recipe:ING027
Menu Item,MENU0086,Breakfast Pancakes,,,,10.0,pcs,46.0,460.0,Recipe:ING014
Menu Item,MENU0086,Breakfast Pancakes,,,,10.0,pcs,5.0,50.0,Recipe:ING041
Menu Item,MENU0086,Breakfast Pancakes,,,,20.0,pcs,0.32,6.4,Recipe:ING040
Menu Item,MENU0086,Breakfast Pancakes,,,,0.25,litre,90.0,22.5,Recipe:ING019
Menu Item,MENU0087,Cream Cheese Bagel,,,,12.0,pcs,28.0,336.0,Recipe:ING010
Menu Item,MENU0087,Cream Cheese Bagel,,,,0.3,kg,480.0,144.0,Recipe:ING006
Menu Item,MENU0087,Cream Cheese Bagel,,,,0.42,litre,210.0,88.2,Recipe:ING004
Menu Item,MENU0087,Cream Cheese Bagel,,,,24.0,pcs,0.32,7.68,Recipe:ING040
Menu Item,MENU0087,Cream Cheese Bagel,,,,12.0,pcs,6.5,78.0,Recipe:ING042
Menu Item,MENU0088,Scallion Pepper Cream Cheese Bagel,,,,11.0,pcs,28.0,308.0,Recipe:ING010
Menu Item,MENU0088,Scallion Pepper Cream Cheese Bagel,,,,0.275,kg,480.0,132.0,Recipe:ING006
Menu Item,MENU0088,Scallion Pepper Cream Cheese Bagel,,,,0.385,litre,210.0,80.85,Recipe:ING004
Menu Item,MENU0088,Scallion Pepper Cream Cheese Bagel,,,,22.0,pcs,0.32,7.04,Recipe:ING040
Menu Item,MENU0088,Scallion Pepper Cream Cheese Bagel,,,,11.0,pcs,6.5,71.5,Recipe:ING042
Menu Item,MENU0089,Masala Egg Bun,,,,11.0,pcs,12.0,132.0,Recipe:ING009
Menu Item,MENU0089,Masala Egg Bun,,,,0.22,kg,480.0,105.6,Recipe:ING006
Menu Item,MENU0089,Masala Egg Bun,,,,22.0,pcs,7.0,154.0,Recipe:ING008
Menu Item,MENU0089,Masala Egg Bun,,,,22.0,pcs,0.32,7.04,Recipe:ING040
Menu Item,MENU0089,Masala Egg Bun,,,,11.0,pcs,6.5,71.5,Recipe:ING042
Menu Item,MENU0090,Marinara Cheese Pin Wheels,,,,10.0,pcs,12.0,120.0,Recipe:ING009
Menu Item,MENU0090,Marinara Cheese Pin Wheels,,,,0.3,kg,480.0,144.0,Recipe:ING006
Menu Item,MENU0090,Marinara Cheese Pin Wheels,,,,20.0,pcs,0.32,6.4,Recipe:ING040
Menu Item,MENU0090,Marinara Cheese Pin Wheels,,,,0.25,kg,190.0,47.5,Recipe:ING034
Menu Item,MENU0090,Marinara Cheese Pin Wheels,,,,10.0,pcs,6.5,65.0,Recipe:ING042
Menu Item,MENU0091,Pesto Sundried Tomato Pin Wheel,,,,10.0,pcs,12.0,120.0,Recipe:ING009
Menu Item,MENU0091,Pesto Sundried Tomato Pin Wheel,,,,0.3,kg,480.0,144.0,Recipe:ING006
Menu Item,MENU0091,Pesto Sundried Tomato Pin Wheel,,,,20.0,pcs,0.32,6.4,Recipe:ING040
Menu Item,MENU0091,Pesto Sundried Tomato Pin Wheel,,,,0.25,kg,340.0,85.0,Recipe:ING032
Menu Item,MENU0091,Pesto Sundried Tomato Pin Wheel,,,,10.0,pcs,6.5,65.0,Recipe:ING042
Menu Item,MENU0092,Turnover with Brioche Dough Chicken,,,,0.225,kg,480.0,108.0,Recipe:ING006
Menu Item,MENU0092,Turnover with Brioche Dough Chicken,,,,0.72,kg,330.0,237.6,Recipe:ING007
Menu Item,MENU0092,Turnover with Brioche Dough Chicken,,,,9.0,pcs,42.0,378.0,Recipe:ING012
Menu Item,MENU0092,Turnover with Brioche Dough Chicken,,,,18.0,pcs,0.32,5.76,Recipe:ING040
Menu Item,MENU0092,Turnover with Brioche Dough Chicken,,,,9.0,pcs,6.5,58.5,Recipe:ING042
Menu Item,MENU0093,Turnover with Brioche Dough Veg,,,,0.225,kg,480.0,108.0,Recipe:ING006
Menu Item,MENU0093,Turnover with Brioche Dough Veg,,,,9.0,pcs,42.0,378.0,Recipe:ING012
Menu Item,MENU0093,Turnover with Brioche Dough Veg,,,,18.0,pcs,0.32,5.76,Recipe:ING040
Menu Item,MENU0093,Turnover with Brioche Dough Veg,,,,0.72,kg,360.0,259.2,Recipe:ING005
Menu Item,MENU0093,Turnover with Brioche Dough Veg,,,,9.0,pcs,6.5,58.5,Recipe:ING042
Menu Item,MENU0094,Butter Croissant,,,,0.8,kg,520.0,416.0,Recipe:ING027
Menu Item,MENU0094,Butter Croissant,,,,40.0,pcs,42.0,1680.0,Recipe:ING012
Menu Item,MENU0094,Butter Croissant,,,,40.0,pcs,5.0,200.0,Recipe:ING041
Menu Item,MENU0094,Butter Croissant,,,,80.0,pcs,0.32,25.6,Recipe:ING040
Menu Item,MENU0095,Almond Croissant,,,,0.36,kg,520.0,187.2,Recipe:ING027
Menu Item,MENU0095,Almond Croissant,,,,18.0,pcs,42.0,756.0,Recipe:ING012
Menu Item,MENU0095,Almond Croissant,,,,18.0,pcs,5.0,90.0,Recipe:ING041
Menu Item,MENU0095,Almond Croissant,,,,36.0,pcs,0.32,11.52,Recipe:ING040
Menu Item,MENU0096,Chocolate Croissant,,,,0.44,kg,520.0,228.8,Recipe:ING027
Menu Item,MENU0096,Chocolate Croissant,,,,0.55,litre,260.0,143.0,Recipe:ING016
Menu Item,MENU0096,Chocolate Croissant,,,,22.0,pcs,42.0,924.0,Recipe:ING012
Menu Item,MENU0096,Chocolate Croissant,,,,22.0,pcs,5.0,110.0,Recipe:ING041
Menu Item,MENU0096,Chocolate Croissant,,,,44.0,pcs,0.32,14.08,Recipe:ING040
Menu Item,MENU0097,Mushroom Cheese Croissant,,,,0.62,kg,520.0,322.4,Recipe:ING027
Menu Item,MENU0097,Mushroom Cheese Croissant,,,,1.085,kg,480.0,520.8,Recipe:ING006
Menu Item,MENU0097,Mushroom Cheese Croissant,,,,31.0,pcs,42.0,1302.0,Recipe:ING012
Menu Item,MENU0097,Mushroom Cheese Croissant,,,,31.0,pcs,5.0,155.0,Recipe:ING041
Menu Item,MENU0097,Mushroom Cheese Croissant,,,,62.0,pcs,0.32,19.84,Recipe:ING040
Menu Item,MENU0098,Sriracha Chicken Croissant,,,,0.5,kg,520.0,260.0,Recipe:ING027
Menu Item,MENU0098,Sriracha Chicken Croissant,,,,1.75,kg,330.0,577.5,Recipe:ING007
Menu Item,MENU0098,Sriracha Chicken Croissant,,,,25.0,pcs,42.0,1050.0,Recipe:ING012
Menu Item,MENU0098,Sriracha Chicken Croissant,,,,25.0,pcs,5.0,125.0,Recipe:ING041
Menu Item,MENU0098,Sriracha Chicken Croissant,,,,50.0,pcs,0.32,16.0,Recipe:ING040
Menu Item,MENU0099,Cinnamon Roll with Cream Cheese,,,,0.375,litre,210.0,78.75,Recipe:ING004
Menu Item,MENU0099,Cinnamon Roll with Cream Cheese,,,,15.0,pcs,42.0,630.0,Recipe:ING012
Menu Item,MENU0099,Cinnamon Roll with Cream Cheese,,,,15.0,pcs,5.0,75.0,Recipe:ING041
Menu Item,MENU0099,Cinnamon Roll with Cream Cheese,,,,15.0,pcs,0.32,4.8,Recipe:ING040
Menu Item,MENU0100,Banana Walnut Tea Cake,,,,1.68,kg,72.0,120.96,Recipe:ING026
Menu Item,MENU0100,Banana Walnut Tea Cake,,,,24.0,pcs,46.0,1104.0,Recipe:ING014
Menu Item,MENU0100,Banana Walnut Tea Cake,,,,0.6,litre,210.0,126.0,Recipe:ING004
Menu Item,MENU0100,Banana Walnut Tea Cake,,,,24.0,pcs,5.0,120.0,Recipe:ING041
Menu Item,MENU0100,Banana Walnut Tea Cake,,,,24.0,pcs,0.32,7.68,Recipe:ING040
Menu Item,MENU0101,Lemon Raspberry Tea Cake,,,,19.0,pcs,46.0,874.0,Recipe:ING014
Menu Item,MENU0101,Lemon Raspberry Tea Cake,,,,0.475,litre,210.0,99.75,Recipe:ING004
Menu Item,MENU0101,Lemon Raspberry Tea Cake,,,,19.0,pcs,5.0,95.0,Recipe:ING041
Menu Item,MENU0101,Lemon Raspberry Tea Cake,,,,19.0,pcs,0.32,6.08,Recipe:ING040
Menu Item,MENU0102,Double Chocolate Truffle Cake,,,,23.0,pcs,46.0,1058.0,Recipe:ING014
Menu Item,MENU0102,Double Chocolate Truffle Cake,,,,0.575,litre,260.0,149.5,Recipe:ING016
Menu Item,MENU0102,Double Chocolate Truffle Cake,,,,0.575,litre,210.0,120.75,Recipe:ING004
Menu Item,MENU0102,Double Chocolate Truffle Cake,,,,23.0,pcs,5.0,115.0,Recipe:ING041
Menu Item,MENU0102,Double Chocolate Truffle Cake,,,,23.0,pcs,0.32,7.36,Recipe:ING040
Menu Item,MENU0103,Banoffee Pie,,,,28.0,pcs,46.0,1288.0,Recipe:ING014
Menu Item,MENU0103,Banoffee Pie,,,,0.7,litre,210.0,147.0,Recipe:ING004
Menu Item,MENU0103,Banoffee Pie,,,,28.0,pcs,5.0,140.0,Recipe:ING041
Menu Item,MENU0103,Banoffee Pie,,,,28.0,pcs,0.32,8.96,Recipe:ING040
Menu Item,MENU0104,Classic Chocolate Fudge Brownie,,,,26.0,pcs,34.0,884.0,Recipe:ING013
Menu Item,MENU0104,Classic Chocolate Fudge Brownie,,,,1.17,litre,260.0,304.2,Recipe:ING016
Menu Item,MENU0104,Classic Chocolate Fudge Brownie,,,,26.0,pcs,5.0,130.0,Recipe:ING041
Menu Item,MENU0104,Classic Chocolate Fudge Brownie,,,,26.0,pcs,0.32,8.32,Recipe:ING040
Menu Item,MENU0105,Soft-Centred Caramel Cookie,,,,0.6,kg,520.0,312.0,Recipe:ING027
Menu Item,MENU0105,Soft-Centred Caramel Cookie,,,,16.5,pcs,46.0,759.0,Recipe:ING014
Menu Item,MENU0105,Soft-Centred Caramel Cookie,,,,0.6,litre,250.0,150.0,Recipe:ING017
Menu Item,MENU0105,Soft-Centred Caramel Cookie,,,,30.0,pcs,5.0,150.0,Recipe:ING041
Menu Item,MENU0105,Soft-Centred Caramel Cookie,,,,30.0,pcs,0.32,9.6,Recipe:ING040
Menu Item,MENU0106,Death by Chocolate Cookie,,,,0.56,kg,520.0,291.2,Recipe:ING027
Menu Item,MENU0106,Death by Chocolate Cookie,,,,15.4,pcs,46.0,708.4,Recipe:ING014
Menu Item,MENU0106,Death by Chocolate Cookie,,,,0.7,litre,260.0,182.0,Recipe:ING016
Menu Item,MENU0106,Death by Chocolate Cookie,,,,28.0,pcs,5.0,140.0,Recipe:ING041
Menu Item,MENU0106,Death by Chocolate Cookie,,,,28.0,pcs,0.32,8.96,Recipe:ING040
Menu Item,MENU0107,Jaggery Parmesan Cookie,,,,0.56,kg,520.0,291.2,Recipe:ING027
Menu Item,MENU0107,Jaggery Parmesan Cookie,,,,15.4,pcs,46.0,708.4,Recipe:ING014
Menu Item,MENU0107,Jaggery Parmesan Cookie,,,,28.0,pcs,5.0,140.0,Recipe:ING041
Menu Item,MENU0107,Jaggery Parmesan Cookie,,,,28.0,pcs,0.32,8.96,Recipe:ING040
Menu Item,MENU0108,Apple Pie,,,,30.0,pcs,46.0,1380.0,Recipe:ING014
Menu Item,MENU0108,Apple Pie,,,,0.75,litre,210.0,157.5,Recipe:ING004
Menu Item,MENU0108,Apple Pie,,,,30.0,pcs,5.0,150.0,Recipe:ING041
Menu Item,MENU0108,Apple Pie,,,,30.0,pcs,0.32,9.6,Recipe:ING040
Menu Item,MENU0109,Basque Cheesecake,,,,22.0,pcs,72.0,1584.0,Recipe:ING015
Menu Item,MENU0109,Basque Cheesecake,,,,0.55,litre,210.0,115.5,Recipe:ING004
Menu Item,MENU0109,Basque Cheesecake,,,,22.0,pcs,5.0,110.0,Recipe:ING041
Menu Item,MENU0109,Basque Cheesecake,,,,22.0,pcs,0.32,7.04,Recipe:ING040
Menu Item,MENU0110,Multigrain Walnut Tea Cake,,,,22.0,pcs,46.0,1012.0,Recipe:ING014
Menu Item,MENU0110,Multigrain Walnut Tea Cake,,,,0.55,litre,210.0,115.5,Recipe:ING004
Menu Item,MENU0110,Multigrain Walnut Tea Cake,,,,22.0,pcs,5.0,110.0,Recipe:ING041
Menu Item,MENU0110,Multigrain Walnut Tea Cake,,,,22.0,pcs,0.32,7.04,Recipe:ING040
